,Time,Sentiment,Price
0,1902041327,0.07131929590017826,3464.48280625
1,1902041328,0.07249576648841355,3466.63511425
2,1902041329,0.08131929590017825,3466.63511425
3,1902041330,0.08110360962566845,3466.63511425
4,1902041332,0.08244050802139039,3472.56843556
5,1902041333,0.08244050802139039,3472.56843556
6,1902041334,0.0827840909090909,3474.44568499
7,1902041335,0.0827840909090909,3474.44568499
8,1902041336,0.08538168449197861,3474.44568499
9,1902041337,0.08538168449197861,3474.56559303
10,1902041338,0.08538168449197861,3474.56559303
11,1902041339,0.0875886093073593,3474.56559303
12,1902041340,0.0875886093073593,3471.03411449
13,1902041341,0.08361697860962566,3471.03411449
14,1902041342,0.08580289502164502,3471.03411449
15,1902041343,0.08580289502164502,3472.10548547
16,1902041344,0.08580289502164502,3472.10548547
17,1902041345,0.08580289502164502,3472.10548547
18,1902041346,0.08898078002244669,3470.77362884
19,1902041347,0.08898078002244669,3470.77362884
20,1902041348,0.08838849431818183,3470.77362884
21,1902041349,0.087297278338945,3472.12316947
22,1902041350,0.09233023835920176,3472.12316947
23,1902041351,0.09347011784511784,3474.91449504
24,1902041352,0.09347011784511784,3474.91449504
25,1902041353,0.09347011784511784,3474.91449504
26,1902041354,0.09347011784511784,3473.98107099
27,1902041355,0.09347011784511784,3473.98107099
28,1902041356,0.09347011784511784,3473.98107099
29,1902041357,0.09347011784511784,3476.56549365
30,1902041358,0.09347011784511784,3476.56549365
31,1902041359,0.0943118686868687,3476.56549365
32,1902041400,0.09549076704545456,3470.51107998
33,1902041401,0.10199295166858456,3470.51107998
34,1902041402,0.1015703125,3470.51107998
35,1902041403,0.10242258522727272,3469.97211601
36,1902041405,0.10242258522727274,3469.97211601
37,1902041406,0.10417937284234753,3469.94858387
38,1902041407,0.10590549482163404,3469.94858387
39,1902041408,0.10130250287686997,3469.94858387
40,1902041409,0.10130250287686997,3473.59050018
41,1902041410,0.10132645903479236,3473.59050018
42,1902041411,0.10132645903479236,3473.59050018
43,1902041412,0.10259303977272728,3474.14303137
44,1902041413,0.10259303977272728,3474.14303137
45,1902041414,0.10343083613916948,3474.14303137
46,1902041415,0.10343083613916948,3474.86619843
47,1902041416,0.10343083613916948,3474.86619843
48,1902041417,0.10343083613916948,3474.86619843
49,1902041418,0.10034021618625276,3474.86619843
50,1902041419,0.10034021618625276,3473.6407022
51,1902041549,0.11000222816399284,3451.12305296
52,1902041550,0.11000222816399287,3451.12305296
53,1902041551,0.11000222816399287,3455.54127539
54,1902041552,0.11000222816399287,3455.54127539
55,1902041553,0.10492201426024957,3455.54127539
56,1902041554,0.10492201426024957,3457.58291854
57,1902041555,0.10492201426024957,3457.58291854
58,1902041556,0.10492201426024957,3457.58291854
59,1902041557,0.10492201426024957,3454.91225445
60,1902041558,0.10951760249554368,3454.91225445
61,1902041559,0.107845193001443,3450.26375724
62,1902041600,0.10486900252525252,3450.26375724
63,1902041601,0.10486900252525252,3450.26375724
64,1902041602,0.10742678307464892,3454.10027456
65,1902041603,0.10742678307464892,3454.10027456
66,1902041604,0.10742678307464892,3454.10027456
67,1902041605,0.10914453267615916,3452.93992511
68,1902041607,0.10914453267615916,3452.85311529
69,1902041608,0.10914453267615916,3452.85311529
70,1902041609,0.107845193001443,3452.85311529
71,1902041610,0.107845193001443,3452.22972314
72,1902041611,0.10657642602495544,3452.22972314
73,1902041612,0.10699234997029117,3452.22972314
74,1902041613,0.10699234997029117,3452.22546187
75,1902041614,0.10574825287761334,3452.22546187
76,1902041615,0.10574825287761333,3452.22546187
77,1902041616,0.10453275571810053,3453.10081291
78,1902041617,0.10453275571810053,3453.10081291
79,1902041618,0.1033448834940312,3455.34072473
80,1902041619,0.09993790931290933,3455.34072473
81,1902041620,0.09885162768994288,3455.34072473
82,1902041621,0.09959273440931048,3456.21491897
83,1902041622,0.09415795180061486,3456.21491897
84,1902041623,0.09341684508124724,3456.21491897
85,1902041624,0.09241236287607256,3454.50642403
86,1902041625,0.09241236287607256,3454.50642403
87,1902041626,0.09241236287607256,3454.50642403
88,1902041627,0.09241236287607256,3456.78834675
89,1902041628,0.09241236287607256,3456.78834675
90,1902041629,0.09363425925925926,3460.31984988
91,1902041630,0.09336348860949924,3460.31984988
92,1902041631,0.09168759606938956,3460.31984988
93,1902041632,0.09119665057165056,3457.56238741
94,1902041633,0.09018685496267018,3457.56238741
95,1902041634,0.0911779193029193,3457.56238741
96,1902041635,0.09219100729517396,3454.28243165
97,1902041636,0.09322686130972647,3454.28243165
98,1902041638,0.09491225456815344,3453.02383543
99,1902041639,0.09491225456815344,3453.02383543
100,1902041640,0.09491225456815344,3453.02383543
101,1902041641,0.0959908029155188,3454.90554096
102,1902041642,0.09439279155188246,3454.90554096
103,1902041643,0.09439279155188246,3455.97562938
104,1902041644,0.09333219838837817,3455.97562938
105,1902041645,0.09333219838837817,3455.97562938
106,1902041646,0.09895017591646804,3454.47450852
107,1902041647,0.09895017591646804,3454.47450852
108,1902041648,0.09895017591646804,3454.47450852
109,1902041649,0.09895017591646804,3453.87056578
110,1902041650,0.09785072951739618,3453.87056578
111,1902041651,0.09785072951739618,3453.87056578
112,1902041652,0.09785072951739618,3453.9865225000003
113,1902041653,0.09752469752469753,3453.9865225000003
114,1902041654,0.09572353974527888,3453.9865225000003
115,1902041655,0.09463658322353974,3455.18131209
116,1902041656,0.0907087176108915,3455.18131209
117,1902041657,0.09215818903318904,3455.18131209
118,1902041658,0.08116917804417803,3452.53888897
119,1902041659,0.07593907828282828,3452.53888897
120,1902041800,0.04781225718725718,3453.70690194
121,1902041801,0.04781225718725718,3453.70690194
122,1902041802,0.04781225718725718,3453.70690194
123,1902041803,0.048686383061383065,3451.19973504
124,1902041804,0.05123465669351745,3451.19973504
125,1902041805,0.051891511266511266,3451.19973504
126,1902041806,0.05209771768316072,3450.82173209
127,1902041807,0.052765637140637145,3450.82173209
128,1902041808,0.05345090515545062,3450.82173209
129,1902041809,0.0599444116489571,3451.05693007
130,1902041810,0.05851275917065391,3451.05693007
131,1902041811,0.059292929292929286,3451.05693007
132,1902041812,0.059292929292929286,3452.73952145
133,1902041813,0.0585127591706539,3452.73952145
134,1902041814,0.0585127591706539,3452.73952145
135,1902041815,0.0585127591706539,3449.3486811
136,1902041816,0.0585127591706539,3449.3486811
137,1902041817,0.0585127591706539,3449.3486811
138,1902041818,0.057752853207398674,3450.90019745
139,1902041819,0.057752853207398674,3450.90019745
140,1902041820,0.05851275917065391,3450.90019745
141,1902041821,0.06424635970090514,3452.77097259
142,1902041822,0.06424635970090514,3452.77097259
143,1902041824,0.05775285320739865,3448.8755873000005
144,1902041825,0.05775285320739865,3448.8755873000005
145,1902041826,0.05775285320739865,3448.8755873000005
146,1902041827,0.057752853207398674,3452.57613851
147,1902041828,0.057752853207398674,3452.57613851
148,1902041829,0.057752853207398674,3452.85633959
149,1902041830,0.061885084612357324,3452.85633959
150,1902041831,0.05612041467304624,3452.85633959
151,1902041832,0.05940988835725676,3449.64063254
152,1902041833,0.05940988835725676,3449.64063254
153,1902041834,0.06269936204146731,3449.64063254
154,1902041835,0.0643939393939394,3448.7694538
155,1902041836,0.06527604815276047,3448.7694538
156,1902041837,0.0755500207555002,3448.7694538
157,1902041838,0.0755500207555002,3450.01557641
158,1902041839,0.07555002075550019,3450.01557641
159,1902041840,0.07555002075550019,3450.01557641
160,1902041841,0.08239933582399336,3451.33989245
161,1902041842,0.08239933582399336,3451.33989245
162,1902041843,0.08239933582399336,3447.0560638
163,1902041844,0.08239933582399336,3447.0560638
164,1902041845,0.08128583128583128,3447.0560638
165,1902041846,0.0822072072072072,3448.75274594
166,1902041847,0.08004385964912282,3448.75274594
167,1902041848,0.08004385964912282,3448.75274594
168,1902041849,0.0800438596491228,3448.12742632
169,1902041850,0.08004385964912282,3448.12742632
170,1902041852,0.08004385964912282,3451.70875954
171,1902041853,0.08094098883572566,3451.70875954
172,1902041854,0.08094098883572566,3451.93870391
173,1902041855,0.08094098883572566,3451.93870391
174,1902041856,0.08094098883572566,3451.93870391
175,1902041857,0.07988980716253442,3451.93870391
176,1902041858,0.07988980716253442,3453.30281277
177,1902041859,0.07988980716253442,3453.30281277
178,1902041900,0.07988980716253442,3452.52067514
179,1902041901,0.07988980716253442,3452.52067514
180,1902041902,0.07988980716253442,3452.52067514
181,1902041903,0.08094098883572566,3452.52067514
182,1902041904,0.08094098883572566,3454.85608818
183,1902041905,0.07839885339885339,3454.85608818
184,1902041906,0.07839885339885339,3454.68967667
185,1902041907,0.07839885339885339,3454.68967667
186,1902041908,0.08085585585585586,3454.68967667
187,1902041909,0.08085585585585586,3451.81741521
188,1902041910,0.08382800608828005,3451.81741521
189,1902041911,0.08382800608828005,3451.81741521
190,1902041912,0.0836165711165711,3453.80989475
191,1902041913,0.08298316498316498,3453.80989475
192,1902041914,0.08303703703703702,3453.80989475
193,1902041915,0.08303703703703702,3456.17088928
194,1902041916,0.08303703703703702,3456.17088928
195,1902041917,0.08303703703703702,3456.17088928
196,1902041918,0.08303703703703702,3452.20666444
197,1902041920,0.08303703703703702,3452.20666444
198,1902041921,0.08303703703703702,3450.66523264
199,1902041922,0.08415915915915917,3450.66523264
200,1902041923,0.08194444444444443,3450.66523264
201,1902041924,0.08095336930953369,3450.80134037
202,1902041925,0.08078078078078077,3450.80134037
203,1902041926,0.08078078078078077,3452.68457405
204,1902041927,0.0804312865497076,3452.68457405
205,1902041928,0.0804312865497076,3452.68457405
206,1902041929,0.0804312865497076,3454.34393251
207,1902041930,0.08043128654970763,3454.34393251
208,1902041931,0.08043128654970763,3454.34393251
209,1902041932,0.08437865497076022,3452.40054941
210,1902042101,-0.014206518308080809,3454.09440484
211,1902042102,-0.020977351641414142,3451.72307418
212,1902042103,-0.02361624053030303,3451.72307418
213,1902042104,-0.02860167464114832,3451.72307418
214,1902042105,-0.033560203094777565,3450.33117177
215,1902042107,-0.033560203094777565,3450.33117177
216,1902042108,-0.035312200956937795,3453.1664584
217,1902042109,-0.03668047664141414,3453.1664584
218,1902042110,-0.03668047664141414,3453.1664584
219,1902042111,-0.03668047664141414,3454.24888577
220,1902042112,-0.035663644015916734,3454.24888577
221,1902042113,-0.03768384603611876,3455.83220242
222,1902042114,-0.04498882575757576,3455.83220242
223,1902042115,-0.04498882575757576,3455.83220242
224,1902042116,-0.04898882575757575,3455.37992761
225,1902042117,-0.0591403409090909,3455.37992761
226,1902042118,-0.0591403409090909,3455.37992761
227,1902042119,-0.06182215909090909,3458.55395494
228,1902042120,-0.06382215909090909,3458.55395494
229,1902042121,-0.06382215909090909,3458.55395494
230,1902042122,-0.06382215909090909,3457.23177705
231,1902042123,-0.06382215909090909,3457.23177705
232,1902042124,-0.06382215909090909,3457.23177705
233,1902042125,-0.06717215909090908,3457.23177705
234,1902042126,-0.07167215909090907,3458.46518412
235,1902042127,-0.07537670454545455,3458.46518412
236,1902042129,-0.07537670454545455,3459.31966373
237,1902042130,-0.07287670454545454,3459.31966373
238,1902042131,-0.07341003787878787,3459.5469148
239,1902042132,-0.07465660391796754,3459.5469148
240,1902042133,-0.07465660391796754,3459.5469148
241,1902042134,-0.07591003787878786,3462.79800237
242,1902042135,-0.07701350627486991,3462.79800237
243,1902042136,-0.07701350627486991,3462.79800237
244,1902042137,-0.0725558712121212,3463.90387703
245,1902042138,-0.0725558712121212,3463.90387703
246,1902042139,-0.07573768939393939,3461.1581043000006
247,1902042140,-0.08461268939393937,3461.1581043000006
248,1902042141,-0.08461268939393937,3461.1581043000006
249,1902042142,-0.08729450757575757,3461.1581043000006
250,1902042143,-0.08929450757575758,3460.63106174
251,1902042144,-0.0931126893939394,3460.63106174
252,1902042146,-0.0906126893939394,3462.33292492
253,1902042147,-0.0906126893939394,3462.33292492
254,1902042148,-0.0906126893939394,3462.78746643
255,1902042149,-0.08811268939393939,3462.78746643
256,1902042150,-0.08811268939393939,3462.78746643
257,1902042151,-0.09898768939393937,3458.5095291000002
258,1902042152,-0.1009876893939394,3458.5095291000002
259,1902042153,-0.10298768939393936,3458.5095291000002
260,1902042154,-0.1068058712121212,3458.56855513
261,1902042155,-0.0998210227272727,3458.56855513
262,1902042156,-0.09698768939393937,3458.56855513
263,1902042157,-0.09698768939393937,3457.71738857
264,1902042158,-0.09698768939393937,3457.71738857
265,1902042159,-0.09698768939393937,3457.71738857
266,1902042200,-0.09698768939393937,3459.84944365
267,1902042202,-0.09698768939393937,3459.84944365
268,1902042203,-0.09065435606060604,3459.84944365
269,1902042204,-0.09265435606060604,3463.45760118
270,1902042205,-0.09065435606060604,3463.45760118
271,1902042206,-0.09065435606060604,3464.38799031
272,1902042207,-0.09065435606060604,3464.38799031
273,1902042208,-0.09065435606060604,3464.38799031
274,1902042209,-0.08752965258647076,3464.18256554
275,1902042210,-0.08865435606060608,3464.18256554
276,1902042211,-0.09065435606060604,3464.18256554
277,1902042212,-0.09265435606060604,3465.95291673
278,1902042213,-0.08865435606060604,3465.95291673
279,1902042214,-0.08933617424242422,3465.95291673
280,1902042215,-0.08733617424242424,3465.06457232
281,1902042216,-0.09092726507499233,3465.06457232
282,1902051638,0.106336486789073,3473.50050018
283,1902051639,0.10030200403045232,3473.50050018
284,1902051640,0.09742844081206148,3468.32783665
285,1902051641,0.09838741514167652,3468.32783665
286,1902051642,0.1002813545356159,3468.32783665
287,1902051643,0.10143401378315173,3468.1273884
288,1902051644,0.09568688734637013,3468.1273884
289,1902051645,0.09459953635379773,3468.1273884
290,1902051646,0.09459953635379773,3468.1273884
291,1902051647,0.09459953635379773,3465.87050436
292,1902051648,0.0967995255713279,3465.87050436
293,1902051649,0.09738092092016512,3467.4289635
294,1902051650,0.09738092092016512,3467.4289635
295,1902051651,0.0955854023427553,3467.4289635
296,1902051652,0.0955854023427553,3468.47408597
297,1902051653,0.0955854023427553,3468.47408597
298,1902051654,0.09672332379921668,3468.47408597
299,1902051655,0.09672332379921668,3467.22205371
300,1902051656,0.09910427618016904,3467.22205371
301,1902051657,0.09910427618016904,3467.22205371
302,1902051658,0.10386618094207377,3466.40018288
303,1902051700,0.10386618094207377,3466.40018288
304,1902051701,0.10386618094207377,3466.40018288
305,1902051702,0.10386618094207377,3469.17994818
306,1902051703,0.10386618094207377,3469.17994818
307,1902051704,0.10264422587216704,3466.81589738
308,1902051705,0.10264422587216704,3466.81589738
309,1902051706,0.10511758071246023,3466.81589738
310,1902051707,0.10544563075813077,3466.81589738
311,1902051708,0.10544563075813077,3467.03947716
312,1902051709,0.10544563075813077,3467.03947716
313,1902051710,0.10681505453421038,3465.94891095
314,1902051711,0.10681505453421038,3465.94891095
315,1902051712,0.10822051577808156,3465.94891095
316,1902051713,0.10822051577808156,3465.94891095
317,1902051714,0.10681505453421038,3465.53839916
318,1902051715,0.10681505453421038,3465.53839916
319,1902051716,0.09577609349524932,3468.85081304
320,1902051717,0.09902284674200257,3468.85081304
321,1902051718,0.09902284674200257,3468.85081304
322,1902051719,0.09902284674200257,3468.85081304
323,1902051720,0.09902284674200257,3467.10033153
324,1902051721,0.08979946314650263,3467.10033153
325,1902051722,0.08979946314650263,3467.18193912
326,1902051723,0.08979946314650263,3467.18193912
327,1902051724,0.08979946314650263,3467.18193912
328,1902051725,0.09099678932178933,3465.30615448
329,1902051726,0.09099678932178933,3465.30615448
330,1902051727,0.08802314735702894,3465.30615448
331,1902051728,0.08802314735702894,3465.30615448
332,1902051729,0.09012674284589872,3469.35449213
333,1902051730,0.08894785330703052,3469.35449213
334,1902051732,0.08508019758019758,3467.67138026
335,1902051733,0.08397143981559567,3467.67138026
336,1902051734,0.08397143981559567,3467.67138026
337,1902051735,0.08930513930513931,3469.51310561
338,1902051736,0.08930513930513931,3469.51310561
339,1902051737,0.08930513930513931,3470.08099865
340,1902051738,0.08455572205572205,3470.08099865
341,1902051739,0.08981451038413063,3470.08099865
342,1902051740,0.0760759262382639,3470.08099865
343,1902051741,0.06750754727728411,3468.77334793
344,1902051742,0.06750754727728411,3468.77334793
345,1902051743,0.06750754727728411,3468.43279908
346,1902051744,0.06750754727728411,3468.43279908
347,1902051745,0.06750754727728411,3468.43279908
348,1902051746,0.07079702096149465,3466.74863077
349,1902051747,0.07079702096149465,3466.74863077
350,1902051748,0.07079702096149465,3466.74863077
351,1902051749,0.06421807359307359,3466.74863077
352,1902051750,0.06421807359307359,3469.13708785
353,1902051751,0.06421807359307359,3469.13708785
354,1902051752,0.06507431457431458,3468.18808077
355,1902051753,0.07934965254044203,3468.18808077
356,1902051754,0.08040764790764791,3468.18808077
357,1902051755,0.08263912622465253,3468.66641107
358,1902051756,0.07688254727728412,3468.66641107
359,1902051757,0.07790764790764791,3468.66641107
360,1902051758,0.07524098124098122,3468.66641107
361,1902051759,0.07524098124098122,3468.25224393
362,1902051800,0.07524098124098122,3468.25224393
363,1902051801,0.07524098124098122,3467.74853623
364,1902051802,0.07524098124098122,3467.74853623
365,1902051803,0.07524098124098122,3467.74853623
366,1902051805,0.07524098124098122,3467.36981078
367,1902051806,0.07524098124098125,3463.84383134
368,1902051807,0.07524098124098125,3463.84383134
369,1902051808,0.07524098124098125,3463.84383134
370,1902051809,0.07238383838383837,3463.55506655
371,1902051810,0.09605050505050504,3463.55506655
372,1902051811,0.0952573682025737,3463.55506655
373,1902051812,0.0952573682025737,3463.55506655
374,1902051813,0.0952573682025737,3464.75147964
375,1902051814,0.0826914983164983,3464.75147964
376,1902051815,0.07938383838383839,3463.02558295
377,1902051816,0.06338383838383839,3463.02558295
378,1902051817,0.06338383838383839,3463.02558295
379,1902051818,0.06338383838383839,3463.02558295
380,1902051819,0.06665656565656565,3465.06695367
381,1902051820,0.069989898989899,3465.06695367
382,1902051821,0.06262489762489762,3466.37161107
383,1902051822,0.061789898989898985,3466.37161107
384,1902051823,0.061789898989898985,3466.37161107
385,1902051824,0.061789898989898985,3466.37161107
386,1902051825,0.061789898989898985,3464.00612401
387,1902051826,0.061789898989898985,3464.00612401
388,1902051827,0.05912323232323233,3465.39866154
389,1902051828,0.05778989898989899,3465.39866154
390,1902051829,0.060318979266347675,3465.39866154
391,1902051830,0.05596418732782368,3465.39866154
392,1902051831,0.054547372458764856,3464.70965566
393,1902051832,0.056990530303030286,3464.70965566
394,1902051833,0.0608764863828155,3463.93956112
395,1902051835,0.0601155303030303,3463.93956112
396,1902051836,0.0601155303030303,3463.93956112
397,1902051837,0.0601155303030303,3462.97946592
398,1902051838,0.0601155303030303,3462.97946592
399,1902051839,0.0613655303030303,3466.46604056
400,1902051840,0.06449053030303031,3466.46604056
401,1902051841,0.06214230916762563,3466.46604056
402,1902051842,0.06214230916762563,3461.86703381
403,1902051843,0.06214230916762563,3461.86703381
404,1902051844,0.06214230916762563,3464.55834008
405,1902051845,0.06214230916762563,3464.55834008
406,1902060952,0.017328722002635043,3420.16057007
407,1902060953,0.02215824915824915,3420.16057007
408,1902060954,0.01771380471380471,3420.16057007
409,1902060956,0.01771380471380471,3420.81597261
410,1902060957,0.01771380471380471,3420.81597261
411,1902060958,0.01771380471380471,3420.81597261
412,1902060959,0.01771380471380471,3416.58234653
413,1902061000,0.02784002818886539,3416.58234653
414,1902061001,0.02374098124098124,3415.56568262
415,1902061002,0.02374098124098124,3415.56568262
416,1902061003,0.02374098124098124,3415.56568262
417,1902061004,0.02374098124098124,3415.56568262
418,1902061005,0.02374098124098124,3416.02390809
419,1902061006,0.024320029563932,3416.02390809
420,1902061007,0.01995934959349593,3421.5613913
421,1902061008,0.019484126984126982,3421.5613913
422,1902061009,0.019484126984126982,3421.5613913
423,1902061010,0.019484126984126982,3420.03612844
424,1902061011,0.019484126984126982,3420.03612844
425,1902061012,0.019484126984126982,3420.03612844
426,1902061013,0.019484126984126982,3420.03612844
427,1902061014,0.019484126984126982,3417.29591634
428,1902061015,0.019484126984126982,3417.29591634
429,1902061016,0.019484126984126982,3415.93762032
430,1902061017,0.019484126984126982,3415.93762032
431,1902061018,0.01903100775193798,3415.93762032
432,1902061019,0.01903100775193798,3417.09833239
433,1902061020,0.01903100775193798,3417.09833239
434,1902061021,0.01903100775193798,3417.09833239
435,1902061022,0.01903100775193798,3417.09833239
436,1902061023,0.01903100775193798,3415.00875148
437,1902061024,0.01903100775193798,3415.00875148
438,1902061025,0.01903100775193798,3416.12038777
439,1902061026,0.01903100775193798,3416.12038777
440,1902061027,0.01903100775193798,3416.12038777
441,1902061028,0.01903100775193798,3416.12038777
442,1902061029,0.024280303030303027,3414.73718897
443,1902061030,0.02949612403100775,3414.73718897
444,1902061031,0.01859848484848484,3412.28006987
445,1902061032,0.01859848484848484,3412.28006987
446,1902061033,0.013217054263565887,3412.28006987
447,1902061034,0.013217054263565887,3412.28006987
448,1902061036,0.013217054263565887,3416.66799784
449,1902061037,0.01746212121212121,3417.65445054
450,1902061038,0.01746212121212121,3417.65445054
451,1902061039,0.01746212121212121,3417.65445054
452,1902061040,0.012629629629629626,3418.5364907
453,1902061041,0.012629629629629626,3418.5364907
454,1902061042,0.005833333333333333,3421.31850101
455,1902061043,0.005833333333333333,3421.31850101
456,1902061044,0.005833333333333333,3421.31850101
457,1902061045,0.005833333333333333,3421.17759162
458,1902061046,0.012754629629629621,3421.17759162
459,1902061047,0.012494331065759631,3421.17759162
460,1902061048,0.012244444444444441,3422.23000018
461,1902061049,0.012004357298474945,3422.23000018
462,1902061050,0.012004357298474945,3422.23000018
463,1902061051,0.012004357298474945,3422.23000018
464,1902061052,0.012004357298474945,3423.40175358
465,1902061053,0.012004357298474945,3423.40175358
466,1902061054,0.012004357298474945,3419.71124278
467,1902061055,0.012004357298474945,3419.71124278
468,1902061056,0.020657596371882084,3419.71124278
469,1902061057,0.025244444444444444,3419.71124278
470,1902061058,0.025244444444444444,3421.70047514
471,1902061059,0.023244444444444443,3421.70047514
472,1902061100,0.023244444444444443,3417.76082004
473,1902061101,0.022788671023965142,3417.76082004
474,1902061102,0.022788671023965142,3417.76082004
475,1902061103,0.017262824321647854,3419.51648063
476,1902061104,0.016522921522921518,3419.51648063
477,1902061105,0.02036907536907536,3419.51648063
478,1902061106,0.01998475319230036,3419.51648063
479,1902061107,0.01998475319230036,3418.9676555
480,1902061108,0.01998475319230036,3418.9676555
481,1902061109,0.01998475319230036,3418.88254424
482,1902061110,0.01998475319230036,3418.88254424
483,1902061111,0.01998475319230036,3418.88254424
484,1902061113,0.01998475319230036,3419.95863712
485,1902061114,0.01998475319230036,3419.95863712
486,1902061115,0.01998475319230036,3419.95863712
487,1902061116,0.019984753192300357,3422.54739745
488,1902061117,0.019984753192300357,3422.54739745
489,1902061118,0.019984753192300357,3420.54346314
490,1902061119,0.009003763121410173,3420.54346314
491,1902061120,0.009003763121410173,3420.54346314
492,1902061121,0.009183838383838376,3420.54346314
493,1902061122,0.009183838383838376,3418.64799217
494,1902061123,0.009183838383838376,3418.64799217
495,1902061124,0.009183838383838376,3417.69550281
496,1902061125,0.009183838383838376,3417.69550281
497,1902061126,0.0029692760942760872,3417.69550281
498,1902061127,0.0029692760942760872,3419.14812101
499,1902061128,0.007135942760942754,3419.14812101
500,1902061129,0.007135942760942754,3419.14812101
501,1902061130,0.012092352092352087,3419.14812101
502,1902061131,0.01617398474541331,3418.9633941
503,1902061132,0.01617398474541331,3418.9633941
504,1902061133,0.005544733044733042,3420.79371638
505,1902061134,0.009843243758338092,3420.79371638
506,1902061135,0.013616828663998472,3420.79371638
507,1902061136,0.009070998445998442,3420.52160468
508,1902061137,0.028301767676767668,3420.52160468
509,1902061138,0.01828574203574203,3420.52160468
510,1902061139,0.02213189588189588,3420.52160468
511,1902061140,0.01905497280497281,3420.09206023
512,1902061141,0.01869544501619973,3420.09206023
513,1902061142,0.0190549728049728,3420.68843623
514,1902061143,0.0190549728049728,3420.68843623
515,1902061144,0.01492186011053936,3420.68843623
516,1902061145,0.01905497280497281,3418.18723154
517,1902061146,0.01905497280497281,3418.18723154
518,1902061147,0.01869544501619973,3418.18723154
519,1902061148,0.01869544501619973,3418.18723154
520,1902061150,0.022052936775159,3413.68166904
521,1902061151,0.022052936775159,3418.79939731
522,1902061152,0.018015610651974292,3418.79939731
523,1902061641,0.04684391261095806,3407.77571255
524,1902061642,0.04614474973616765,3407.77571255
525,1902061643,0.04241340645258555,3406.61362259
526,1902061644,0.04241340645258555,3406.61362259
527,1902061645,0.04241340645258555,3406.61362259
528,1902061646,0.04305603382307928,3406.61362259
529,1902061647,0.04305603382307928,3406.56440579
530,1902061648,0.0404952848800505,3406.56440579
531,1902061649,0.0404952848800505,3406.55074238
532,1902061650,0.043683304822417716,3406.55074238
533,1902061651,0.043683304822417716,3406.55074238
534,1902061652,0.043683304822417716,3408.68614211
535,1902061654,0.043683304822417716,3408.68614211
536,1902061655,0.043683304822417716,3408.68614211
537,1902061656,0.041483891332681655,3409.87421102
538,1902061657,0.041483891332681655,3409.87421102
539,1902061658,0.0324742595746694,3409.28283797
540,1902061659,0.03657262023040711,3409.28283797
541,1902061700,0.03657262023040711,3409.28283797
542,1902061701,0.037182163900913896,3410.32811583
543,1902061702,0.03865982769584464,3410.32811583
544,1902061703,0.04204965820431922,3410.32811583
545,1902061704,0.04204965820431922,3410.33747245
546,1902061705,0.043621557840307836,3410.33747245
547,1902061706,0.043621557840307836,3410.33747245
548,1902061707,0.04221441081320113,3410.05677058
549,1902061708,0.04290645033472901,3410.05677058
550,1902061709,0.04221441081320113,3410.05677058
551,1902061710,0.04221441081320113,3408.80197228
552,1902061711,0.04221441081320113,3408.80197228
553,1902061712,0.04221441081320113,3408.80197228
554,1902061713,0.04221441081320113,3410.36215401
555,1902061714,0.0502789269422334,3410.36215401
556,1902061715,0.05164535090130328,3410.36215401
557,1902061716,0.05570414688358237,3410.36215401
558,1902061717,0.05570414688358237,3413.98929309
559,1902061718,0.05552086242610437,3413.98929309
560,1902061719,0.05620283045878284,3410.20355343
561,1902061720,0.05710932772424707,3410.20355343
562,1902061721,0.058045546211529825,3410.20355343
563,1902061722,0.058045546211529825,3410.20355343
564,1902061801,0.0595141254465025,3413.93786794
565,1902061802,0.053715510519946,3413.93786794
566,1902061804,0.053715510519946,3416.30123849
567,1902061805,0.053715510519946,3416.30123849
568,1902061806,0.053715510519946004,3416.30123849
569,1902061807,0.053715510519946004,3414.83444779
570,1902061808,0.05151609703020993,3414.83444779
571,1902061809,0.04751479687920365,3414.83444779
572,1902061810,0.0467228835978836,3411.15487766
573,1902061811,0.0467228835978836,3411.15487766
574,1902061812,0.0467228835978836,3411.15487766
575,1902061813,0.05175208501479688,3409.67851258
576,1902061814,0.0526443623426382,3409.67851258
577,1902061815,0.048334017515052,3409.67851258
578,1902061816,0.04751479687920365,3412.60689312
579,1902061817,0.04595693468644289,3412.60689312
580,1902061818,0.04595693468644288,3412.60689312
581,1902061819,0.044463960447567,3412.85715397
582,1902061820,0.04520502645502645,3412.85715397
583,1902061821,0.04520502645502645,3412.85715397
584,1902061822,0.04520502645502645,3413.26322849
585,1902061823,0.04520502645502645,3413.26322849
586,1902061824,0.04520502645502645,3413.26322849
587,1902061825,0.044463960447567015,3414.54089904
588,1902061826,0.043746799795186884,3414.54089904
589,1902061827,0.043746799795186884,3414.54089904
590,1902061828,0.043746799795186884,3416.77583885
591,1902061829,0.04702066011589821,3416.77583885
592,1902061830,0.05164084152179391,3416.77583885
593,1902061831,0.04953187003968254,3416.77583885
594,1902061833,0.04953187003968254,3412.71045812
595,1902061834,0.04497898485993724,3413.69190843
596,1902061835,0.04497898485993724,3413.69190843
597,1902061836,0.03945209484002588,3413.69190843
598,1902061837,0.03945209484002588,3412.76324243
599,1902061838,0.03945209484002588,3412.76324243
600,1902061839,0.03945209484002588,3412.76324243
601,1902061840,0.03137230703020177,3412.76324243
602,1902061841,0.03137230703020177,3412.77212474
603,1902061842,0.02917932457406142,3412.77212474
604,1902061843,0.02970038394145537,3413.55266151
605,1902061844,0.02970038394145537,3413.55266151
606,1902061845,0.027210087891906074,3413.55266151
607,1902061846,0.02672419346526489,3413.55266151
608,1902061848,0.035027277790435685,3408.01405903
609,1902061849,0.035027277790435685,3408.01405903
610,1902061850,0.035027277790435685,3409.10007975
611,1902061851,0.035027277790435685,3409.10007975
612,1902061852,0.035027277790435685,3409.10007975
613,1902061853,0.03766882483987746,3409.10007975
614,1902061854,0.03766882483987746,3409.88492921
615,1902061855,0.0370193623426382,3409.88492921
616,1902061856,0.0357853835978836,3407.10361177
617,1902061857,0.0357853835978836,3407.10361177
618,1902061858,0.0351987379651314,3407.10361177
619,1902061859,0.03463101638504865,3409.63286759
620,1902061900,0.03463101638504865,3409.63286759
621,1902061901,0.03463101638504865,3409.63286759
622,1902061902,0.03816633597883598,3409.63286759
623,1902061903,0.03816633597883598,3406.92888947
624,1902061905,0.035172071702244116,3410.74400651
625,1902061906,0.03578912559175717,3410.74400651
626,1902061907,0.03578912559175717,3410.74400651
627,1902061908,0.03578912559175717,3407.35930251
628,1902061909,0.03578912559175717,3407.35930251
629,1902061910,0.02659812409812409,3407.35930251
630,1902061911,0.02612315759637188,3410.40973875
631,1902061912,0.02612315759637188,3410.40973875
632,1902061913,0.02255172902494331,3410.40973875
633,1902061914,0.022961760461760457,3410.49230152
634,1902061915,0.022961760461760457,3410.49230152
635,1902061916,0.022961760461760457,3411.80176272
636,1902061917,0.022961760461760457,3411.80176272
637,1902061918,0.022961760461760457,3411.80176272
638,1902061919,0.022961760461760457,3410.91838655
639,1902061920,0.022961760461760457,3410.91838655
640,1902061921,0.023828241988619343,3410.91838655
641,1902061922,0.02477163821503444,3410.91838655
642,1902061923,0.017329290206648695,3409.51058361
643,1902061924,0.018272686433063786,3409.51058361
644,1902061925,0.018272686433063786,3409.89159632
645,1902071906,0.02103559403559404,3415.64661126
646,1902071907,0.015495652008809903,3417.10991812
647,1902071908,0.015495652008809903,3417.10991812
648,1902071909,0.015702260702260704,3417.10991812
649,1902071910,0.015618927368927369,3418.52322402
650,1902071911,0.017096885846885845,3418.52322402
651,1902071912,0.015938584688584688,3418.52322402
652,1902071913,0.013686332436332434,3418.52322402
653,1902071914,0.013503848003848002,3416.88074795
654,1902071915,0.013503848003848002,3416.88074795
655,1902071916,0.014235349787297838,3413.63814952
656,1902071917,0.014235349787297838,3413.63814952
657,1902071918,0.014235349787297838,3413.63814952
658,1902071919,0.014235349787297838,3413.57004021
659,1902071920,0.014422657021341231,3413.57004021
660,1902071921,0.014422657021341231,3413.57004021
661,1902071922,0.014422657021341231,3416.74959625
662,1902071923,0.014422657021341231,3416.74959625
663,1902071924,0.014422657021341231,3416.74959625
664,1902071925,0.014422657021341231,3416.08703324
665,1902071926,0.014614959114959112,3416.08703324
666,1902071927,0.01643314093314093,3416.08703324
667,1902071928,0.016216915394546973,3415.80950995
668,1902071930,0.01771213070555176,3415.80950995
669,1902071931,0.017482103034051087,3415.95319165
670,1902071932,0.017039518147113082,3415.95319165
671,1902071933,0.017039518147113082,3413.78911934
672,1902071934,0.017039518147113082,3413.78911934
673,1902071935,0.016826524170274172,3413.78911934
674,1902071936,0.011981531341287436,3412.69961965
675,1902071937,0.010076043536409387,3412.69961965
676,1902071938,0.010076043536409387,3412.69961965
677,1902071939,0.01312482402421426,3413.44237128
678,1902071940,0.01184652967060374,3413.44237128
679,1902071941,0.006496735431920614,3413.44237128
680,1902071942,0.003368726463238652,3412.17757936
681,1902071943,0.003368726463238652,3412.17757936
682,1902071944,-0.0021190784148101263,3412.17757936
683,1902071945,-0.0021190784148101263,3413.61983651
684,1902071946,0.0009650072150072123,3413.61983651
685,1902071947,0.0009650072150072123,3412.1242300999997
686,1902071948,-0.002227749102749105,3412.1242300999997
687,1902071949,-0.002227749102749105,3412.1242300999997
688,1902071950,-0.002227749102749105,3416.22693069
689,1902071951,-0.008210655085655091,3416.22693069
690,1902071952,-0.00937254552760882,3416.22693069
691,1902071953,-0.009255388708513713,3413.92457511
692,1902071954,-0.010505388708513709,3413.92457511
693,1902071955,-0.012209934163059164,3413.92457511
694,1902071956,-0.012209934163059164,3411.98532438
695,1902071957,-0.016357661435786437,3411.98532438
696,1902071958,-0.016357661435786437,3411.98532438
697,1902071959,-0.017607661435786442,3414.63458099
698,1902072001,-0.01885766143578644,3412.57906007
699,1902072002,-0.017815994769119773,3412.57906007
700,1902072003,-0.017815994769119773,3412.57906007
701,1902072004,-0.017815994769119773,3412.57906007
702,1902072005,-0.017815994769119773,3412.96944891
703,1902072006,-0.015883537758537764,3412.96944891
704,1902072007,-0.021068172448042585,3414.3546335999995
705,1902072008,-0.02079806767306768,3414.3546335999995
706,1902072009,-0.008931425466235595,3414.3546335999995
707,1902072010,-0.009986277786910705,3412.69746852
708,1902072011,0.00014210326710326285,3412.69746852
709,1902072012,0.00014210326710326285,3412.69746852
710,1902072013,0.00014210326710326285,3414.9780705
711,1902072014,0.0010680291930291886,3414.9780705
712,1902072015,0.0019175708257986718,3414.9780705
713,1902072016,0.0009213789682539664,3414.34429474
714,1902072017,0.0009213789682539664,3414.34429474
715,1902072018,0.0024867724867724816,3414.34429474
716,1902072019,0.005782227032227029,3415.28648377
717,1902072020,0.005782227032227029,3415.28648377
718,1902072021,-0.0006596159035183437,3415.28648377
719,1902072022,0.012145262145262143,3411.63204198
720,1902072023,0.012145262145262143,3411.63204198
721,1902072024,0.011998933685680674,3411.63204198
722,1902072025,0.01759895877542936,3411.52066344
723,1902072026,0.01759895877542936,3411.52066344
724,1902072027,0.01759895877542936,3411.52066344
725,1902072028,0.01759895877542936,3412.76753266
726,1902072029,0.0205401352460176,3412.76753266
727,1902072030,0.0205401352460176,3412.76753266
728,1902072031,0.013677390147978384,3414.86785507
729,1902072032,0.013677390147978384,3414.86785507
730,1902072034,0.012500919559743088,3413.2848418000003
731,1902072035,0.012500919559743088,3413.2848418000003
732,1902072036,0.01646404521404521,3413.2848418000003
733,1902072037,0.01646404521404521,3411.91131682
734,1902072038,0.01350789388764072,3411.91131682
735,1902072039,0.017186691355995147,3411.91131682
736,1902072040,0.017186691355995147,3412.23867318
737,1902072041,0.018048059193892525,3412.23867318
738,1902072042,0.018282449573033984,3412.23867318
739,1902072043,0.018282449573033984,3413.01102568
740,1902072044,0.018282449573033984,3413.01102568
741,1902072045,0.01852300812004759,3413.01102568
742,1902072046,0.018523008120047597,3411.98523028
743,1902072047,0.018523008120047597,3411.98523028
744,1902072048,0.021529202819787232,3411.98523028
745,1902072049,0.021529202819787232,3412.3096526
746,1902072050,0.021529202819787232,3412.3096526
747,1902072051,0.021529202819787232,3412.3096526
748,1902072052,0.01804805919389252,3412.41587254
749,1902072053,0.01804805919389252,3412.41587254
750,1902072054,0.01804805919389252,3412.41587254
751,1902072055,0.012252764971920812,3414.65518867
752,1902072056,0.009594436691476159,3414.65518867
753,1902072057,0.009594436691476164,3414.65518867
754,1902072058,0.00946983361756089,3413.41214795
755,1902072059,0.00946983361756089,3413.41214795
756,1902072100,0.00946983361756089,3413.41214795
757,1902072101,0.0092300909943315,3409.98824801
758,1902072102,0.009230090994331495,3409.98824801
759,1902072103,0.004886961175541421,3409.98824801
760,1902072104,0.0051488392151972364,3408.33050349
761,1902072105,0.005213199705387204,3408.33050349
762,1902072107,0.007713199705387201,3409.12545757
763,1902072108,0.013173530573221928,3409.12545757
764,1902072109,0.013173530573221928,3409.12545757
765,1902072110,0.013173530573221928,3410.27751339
766,1902072111,0.0144080984744565,3410.27751339
767,1902072112,0.0144080984744565,3410.27751339
768,1902072113,0.014232389956475322,3410.27751339
769,1902072114,0.01646571164318078,3410.92134414
770,1902072115,0.013379291890094356,3410.92134414
771,1902072116,0.021586418042210724,3407.85662084
772,1902072117,0.021586418042210724,3407.85662084
773,1902072118,0.025041702595056253,3407.85662084
774,1902072119,0.026382930712749997,3407.85662084
775,1902072120,0.026382930712749997,3409.69075084
776,1902072121,0.029340214392925237,3409.69075084
777,1902072122,0.02632816620015416,3408.64745885
778,1902072123,0.02365589328241767,3408.64745885
779,1902072124,0.023370882519978903,3408.64745885
780,1902072125,0.02471603435145102,3410.23123534
781,1902072126,0.02471603435145102,3410.23123534
782,1902072127,0.02633941097482764,3414.63080273
783,1902072128,0.02633941097482764,3414.63080273
784,1902072129,0.028970712022182613,3414.63080273
785,1902072130,0.03191188849277084,3410.02554451
786,1902072131,0.03650580138506275,3410.02554451
787,1902072132,0.03650580138506275,3410.02554451
788,1902072133,0.03934671047597184,3407.43168881
789,1902072134,0.04059000586388227,3407.43168881
790,1902072135,0.046733074112335474,3407.43168881
791,1902072137,0.046733074112335474,3408.10207824
792,1902072138,0.046733074112335474,3408.10207824
793,1902072139,0.045441751798285884,3408.67250637
794,1902072140,0.0438075748117883,3408.67250637
795,1902072141,0.04790387301040711,3408.67250637
796,1902072142,0.04889780293572428,3415.83165039
797,1902072143,0.057976187059993876,3415.83165039
798,1902072144,0.057976187059993876,3415.83165039
799,1902072145,0.057976187059993876,3411.89150356
800,1902072146,0.057976187059993876,3411.89150356
801,1902072147,0.05864258001470645,3411.89150356
802,1902072148,0.05864258001470645,3412.86967743
803,1902072149,0.052895453577924835,3412.86967743
804,1902072150,0.052895453577924835,3412.86967743
805,1902072151,0.052895453577924835,3410.71161004
806,1902072152,0.052895453577924835,3410.71161004
807,1902072153,0.052895453577924835,3413.16842913
808,1902072154,0.058355478231931726,3413.16842913
809,1902072155,0.05904201326995445,3413.16842913
810,1902072156,0.05904201326995445,3413.23778322
811,1902072157,0.06064629134482075,3413.23778322
812,1902072158,0.06064629134482075,3413.23778322
813,1902072159,0.0724109972271737,3413.03611377
814,1902072200,0.07631474054268171,3413.03611377
815,1902072201,0.07631474054268171,3413.03611377
816,1902072202,0.07631474054268171,3415.271237
817,1902072203,0.07984415230738759,3415.271237
818,1902072205,0.07984415230738759,3416.83355159
819,1902072206,0.08260635570262008,3416.83355159
820,1902072207,0.08260635570262008,3416.83355159
821,1902072208,0.08260635570262008,3415.86521889
822,1902072209,0.08257152463330625,3415.86521889
823,1902072210,0.08257152463330625,3415.86521889
824,1902072211,0.0764064253647587,3415.23684808
825,1902072212,0.07708775730792777,3415.23684808
826,1902072213,0.07708775730792777,3415.23684808
827,1902072214,0.07708775730792777,3415.11401565
828,1902072215,0.0762216027314342,3415.11401565
829,1902081746,0.05260098697598698,3450.34583963
830,1902081747,0.05588151927437642,3449.58525738
831,1902081748,0.05332732873851295,3449.58525738
832,1902081749,0.05332732873851295,3452.51005191
833,1902081750,0.05053754274644685,3452.51005191
834,1902081751,0.05053754274644685,3452.51005191
835,1902081752,0.04985460297960298,3453.08348468
836,1902081753,0.049189874939874936,3453.08348468
837,1902081754,0.049189874939874936,3453.08348468
838,1902081755,0.049854602979602966,3451.96275779
839,1902081756,0.049854602979602966,3451.96275779
840,1902081757,0.05115398110261123,3451.96275779
841,1902081758,0.05115398110261123,3455.34119618
842,1902081759,0.059503341951258615,3455.34119618
843,1902081800,0.06553754274644684,3455.34119618
844,1902081801,0.06553754274644684,3455.34119618
845,1902081802,0.06303754274644685,3453.25938686
846,1902081803,0.06391306417348082,3453.25938686
847,1902081805,0.06391306417348082,3450.31563447
848,1902081806,0.06444547158088823,3450.31563447
849,1902081807,0.06604269380311048,3447.79750919
850,1902081808,0.06604269380311048,3447.79750919
851,1902081809,0.06513799936745142,3447.79750919
852,1902081810,0.06334559397059397,3445.74219491
853,1902081811,0.06334559397059397,3445.74219491
854,1902081812,0.06334559397059397,3445.74219491
855,1902081813,0.06334559397059397,3445.74219491
856,1902081814,0.06243343180843181,3447.78876422
857,1902081815,0.06243343180843181,3447.78876422
858,1902081816,0.06243343180843181,3447.31043671
859,1902081817,0.06243343180843181,3447.31043671
860,1902081818,0.06243343180843181,3447.31043671
861,1902081819,0.06243343180843181,3447.31043671
862,1902081820,0.06082219817219816,3448.59277874
863,1902081821,0.06082219817219816,3448.59277874
864,1902081822,0.06073195760695761,3450.59907395
865,1902081823,0.0665765522015522,3450.59907395
866,1902081824,0.0665765522015522,3450.59907395
867,1902081825,0.06836709274209274,3450.59907395
868,1902081826,0.06836709274209274,3452.59425807
869,1902081827,0.06819795574795574,3452.59425807
870,1902081828,0.0648646224146224,3453.26156688
871,1902081829,0.07153128908128907,3453.26156688
872,1902081830,0.07147824580390369,3453.26156688
873,1902081832,0.06973128908128907,3450.22714956
874,1902081833,0.06883128908128908,3450.22714956
875,1902081834,0.06883128908128908,3454.36923339
876,1902081835,0.06793128908128908,3454.36923339
877,1902081836,0.06884927947427948,3454.36923339
878,1902081837,0.06884927947427948,3453.84089984
879,1902081839,0.06793711731211731,3453.84089984
880,1902081840,0.07506924944424945,3453.84089984
881,1902081841,0.07506924944424945,3453.84089984
882,1902081842,0.07462684275184275,3453.65103047
883,1902081843,0.07462684275184275,3453.65103047
884,1902081844,0.07530251842751842,3453.65103047
885,1902081845,0.07530251842751842,3452.87580965
886,1902081846,0.07530251842751842,3452.87580965
887,1902081847,0.07561271498771499,3453.64300613
888,1902081848,0.07664850560398506,3453.64300613
889,1902081849,0.07664850560398506,3453.64300613
890,1902081850,0.07426136363636364,3453.64300613
891,1902081851,0.07561271498771498,3452.29669993
892,1902081852,0.07075809464508095,3452.29669993
893,1902130745,0.092895175913268,3649.57593053
894,1902130746,0.092895175913268,3649.57593053
895,1902130747,0.092895175913268,3651.69788596
896,1902130748,0.092895175913268,3651.69788596
897,1902130749,0.092895175913268,3646.57418537
898,1902130750,0.092895175913268,3646.57418537
899,1902130751,0.092895175913268,3646.57418537
900,1902130752,0.092895175913268,3649.91114147
901,1902130753,0.0896057022290575,3649.91114147
902,1902130754,0.0896057022290575,3649.91114147
903,1902130755,0.0896057022290575,3648.53824726
904,1902130756,0.0896057022290575,3648.53824726
905,1902130757,0.0860769940950862,3648.53824726
906,1902130759,0.0860769940950862,3652.75412133
907,1902130800,0.0860769940950862,3652.75412133
908,1902130801,0.0860769940950862,3653.52876023
909,1902130802,0.0860769940950862,3653.52876023
910,1902130803,0.08495911105489028,3653.52876023
911,1902130804,0.08495911105489028,3653.52876023
912,1902130805,0.08495911105489028,3651.47110978
913,1902130806,0.08495911105489028,3651.47110978
914,1902130807,0.08495911105489028,3651.39087242
915,1902130808,0.08495911105489028,3651.39087242
916,1902130809,0.08495911105489028,3651.39087242
917,1902130810,0.08495911105489028,3651.39087242
918,1902130811,0.08495911105489028,3652.67874089
919,1902130812,0.08495911105489028,3652.67874089
920,1902130813,0.08495911105489028,3652.82923168
921,1902130814,0.08495911105489028,3652.82923168
922,1902130815,0.08495911105489028,3652.82923168
923,1902130816,0.08495911105489028,3652.82923168
924,1902130817,0.08495911105489028,3654.00554063
925,1902130818,0.0860769940950862,3654.00554063
926,1902130819,0.0860769940950862,3653.58486081
927,1902130820,0.0860769940950862,3653.58486081
928,1902130821,0.0860769940950862,3653.58486081
929,1902130822,0.08428273572188046,3653.58486081
930,1902130823,0.08428273572188046,3652.6358541999994
931,1902130824,0.08428273572188046,3652.6358541999994
932,1902130825,0.08428273572188046,3651.83001385
933,1902130826,0.08428273572188046,3651.83001385
934,1902130827,0.08428273572188046,3651.83001385
935,1902130828,0.08428273572188046,3651.83001385
936,1902130830,0.08553871658312448,3653.42478465
937,1902130831,0.08177931808688388,3658.65714424
938,1902130832,0.082869708994709,3658.65714424
939,1902130833,0.08398956992706992,3658.65714424
940,1902130834,0.08398956992706992,3659.49407367
941,1902130835,0.08851572381664972,3659.49407367
942,1902130836,0.0799528934818569,3659.49407367
943,1902130837,0.07828992230669059,3659.49407367
944,1902130838,0.06687217036435786,3656.18099039
945,1902130839,0.06687217036435786,3656.18099039
946,1902130840,0.06687217036435786,3653.88241166
947,1902130841,0.06374717036435787,3653.88241166
948,1902130842,0.06913300776726702,3653.88241166
949,1902130843,0.06296016826109417,3658.68765554
950,1902130844,0.06296016826109417,3658.68765554
951,1902130845,0.06296016826109417,3658.68765554
952,1902130846,0.06296016826109417,3658.68765554
953,1902130847,0.06280211742864181,3656.8093600999996
954,1902130848,0.06280211742864181,3656.8093600999996
955,1902130849,0.06280211742864181,3656.74543131
956,1902130850,0.06280211742864181,3656.74543131
957,1902130851,0.06280211742864181,3656.74543131
958,1902130852,0.06280211742864181,3656.74543131
959,1902130853,0.06280211742864181,3658.23573766
960,1902130854,0.06280211742864181,3658.23573766
961,1902130855,0.06280211742864181,3652.75240193
962,1902130856,0.06280211742864181,3652.75240193
963,1902130857,0.06357745221171146,3652.75240193
964,1902130858,0.059873748508007765,3654.85002329
965,1902130900,0.059873748508007765,3655.65394895
966,1902130901,0.059873748508007765,3655.65394895
967,1902130902,0.059873748508007765,3655.65394895
968,1902130903,0.059873748508007765,3653.55630484
969,1902130904,0.057494633281670315,3653.55630484
970,1902130905,0.05679347921725971,3653.55630484
971,1902130906,0.0567934792172597,3652.90593303
972,1902130907,0.05618372311969872,3652.90593303
973,1902130908,0.05618372311969872,3652.90593303
974,1902130909,0.05618372311969872,3652.90593303
975,1902130910,0.05550681079295537,3653.89164599
976,1902130911,0.05383362149368247,3653.89164599
977,1902130912,0.05318502364436098,3652.94745732
978,1902130913,0.05318502364436098,3652.94745732
979,1902130914,0.05255186860097573,3652.94745732
980,1902130915,0.05255186860097573,3654.38272578
981,1902130917,0.05255186860097573,3654.38272578
982,1902130918,0.05255186860097573,3654.38272578
983,1902130919,0.05255186860097573,3654.38272578
984,1902130920,0.0536590823197966,3653.39755325
985,1902130921,0.050682891843606116,3653.39755325
986,1902130922,0.050682891843606116,3652.0391835
987,1902130923,0.05129352909473391,3652.0391835
988,1902130924,0.05008870981762548,3652.0391835
989,1902130925,0.05008870981762548,3652.0391835
990,1902130926,0.05008870981762548,3655.61129112
991,1902130927,0.05008870981762548,3655.61129112
992,1902130929,0.05008870981762548,3659.12791142
993,1902130930,0.05246860612932041,3659.12791142
994,1902130931,0.05246860612932041,3656.61114184
995,1902130932,0.052468606129320416,3656.61114184
996,1902130933,0.051851328410151935,3656.61114184
997,1902130934,0.051851328410151935,3656.61114184
998,1902130935,0.05124840598677809,3658.32139034
999,1902130936,0.05283402966542501,3658.32139034
1000,1902130937,0.05283402966542501,3658.7601525
1001,1902130938,0.05283402966542501,3658.7601525
1002,1902130939,0.05283402966542501,3658.7601525
1003,1902130940,0.051851328410151935,3658.7601525
1004,1902130941,0.051851328410151935,3658.07766107
1005,1902130942,0.04344691726232423,3658.07766107
1006,1902130943,0.04344691726232423,3654.97250972
1007,1902130944,0.04848567695224672,3654.97250972
1008,1902130945,0.04848567695224672,3654.97250972
1009,1902130946,0.04848567695224672,3654.63166643
1010,1902130947,0.04848567695224672,3654.63166643
1011,1902130948,0.04848567695224672,3654.63166643
1012,1902130949,0.04848567695224672,3654.63166643
1013,1902130950,0.04905609668109668,3652.319853
1014,1902130951,0.05121295942619472,3652.319853
1015,1902130952,0.05121295942619472,3651.86139763
1016,1902130953,0.05121295942619472,3651.86139763
1017,1902130954,0.05121295942619472,3651.86139763
1018,1902130955,0.04827178295560648,3651.38357997
1019,1902130957,0.04827178295560648,3651.38357997
1020,1902130958,0.04969251275210578,3650.4587524000003
1021,1902130959,0.04969251275210578,3650.4587524000003
1022,1902131000,0.04969251275210578,3650.4587524000003
1023,1902131001,0.04969251275210578,3650.4587524000003
1024,1902131002,0.04969251275210578,3647.13060468
1025,1902131003,0.04969251275210578,3647.13060468
1026,1902131004,0.05339230133561528,3652.37032193
1027,1902131005,0.054345994841684495,3652.37032193
1028,1902131006,0.054345994841684495,3652.37032193
1029,1902131007,0.054345994841684495,3651.68940614
1030,1902131008,0.054345994841684495,3651.68940614
1031,1902131009,0.054345994841684495,3651.68940614
1032,1902131010,0.05312473653063541,3651.64223352
1033,1902131011,0.0414233505691839,3651.64223352
1034,1902131012,0.0414233505691839,3651.64223352
1035,1902131013,0.0414233505691839,3649.44181969
1036,1902131014,0.0414233505691839,3649.44181969
1037,1902131015,0.03990819905403238,3649.44181969
1038,1902131016,0.03990819905403238,3648.81599678
1039,1902131017,0.03990819905403238,3648.81599678
1040,1902131018,0.03990819905403238,3648.81599678
1041,1902131019,0.03990819905403238,3649.31320424
1042,1902131020,0.03990819905403238,3649.31320424
1043,1902131021,0.03990819905403238,3649.31320424
1044,1902131022,0.03990819905403238,3646.66956738
1045,1902131023,0.03990819905403238,3646.66956738
1046,1902131024,0.03990819905403238,3646.66956738
1047,1902131025,0.03990819905403238,3646.66956738
1048,1902131027,0.03990819905403238,3649.32179376
1049,1902131736,0.05135839780786591,3631.20630781
1050,1902131737,0.050444362984685576,3631.20630781
1051,1902131738,0.04910027696318019,3628.9470317
1052,1902131739,0.04910027696318019,3628.9470317
1053,1902131740,0.04910027696318019,3628.9470317
1054,1902131741,0.04910027696318019,3628.9470317
1055,1902131742,0.050028610573823344,3627.66478465
1056,1902131743,0.050028610573823344,3627.66478465
1057,1902131744,0.050028610573823344,3629.14238749
1058,1902131745,0.042593891038039976,3629.14238749
1059,1902131746,0.04786317295293358,3629.14238749
1060,1902131747,0.04786317295293358,3629.14238749
1061,1902131748,0.04786317295293358,3633.12336563
1062,1902131749,0.05422238835725677,3633.12336563
1063,1902131750,0.052663253630050505,3625.43348173
1064,1902131751,0.052663253630050505,3625.43348173
1065,1902131752,0.052663253630050505,3625.43348173
1066,1902131754,0.052663253630050505,3623.97386928
1067,1902131755,0.052663253630050505,3623.97386928
1068,1902131756,0.05545681423611112,3623.97386928
1069,1902131757,0.06788267543859647,3620.12112318
1070,1902131758,0.06788267543859647,3620.12112318
1071,1902131759,0.06788267543859647,3620.12112318
1072,1902131800,0.06860483156028369,3617.25477631
1073,1902131801,0.06860483156028369,3617.25477631
1074,1902131802,0.06860483156028369,3617.91387962
1075,1902131803,0.06860483156028369,3617.91387962
1076,1902131804,0.06860483156028369,3617.91387962
1077,1902131805,0.06473635960670535,3619.51634364
1078,1902131806,0.06473635960670535,3619.51634364
1079,1902131807,0.07058742343649257,3619.51634364
1080,1902131808,0.07058742343649257,3619.00707661
1081,1902131809,0.0717963209219858,3619.00707661
1082,1902131810,0.06875680724417425,3619.00707661
1083,1902131811,0.0616968459288938,3622.73116373
1084,1902131812,0.0616968459288938,3622.73116373
1085,1902131813,0.0616968459288938,3622.73116373
1086,1902131814,0.06089397721454173,3621.28553781
1087,1902131815,0.06089397721454173,3621.28553781
1088,1902131816,0.058010301750221115,3622.43182872
1089,1902131817,0.06089397721454173,3622.43182872
1090,1902131818,0.06089397721454173,3622.43182872
1091,1902131819,0.06089397721454173,3627.03200852
1092,1902131820,0.06253946434389984,3627.03200852
1093,1902131821,0.06661598026068136,3631.60277637
1094,1902131822,0.06457793678242049,3631.60277637
1095,1902131824,0.06457793678242049,3631.60277637
1096,1902131825,0.06457793678242049,3632.96640036
1097,1902131826,0.06457793678242049,3632.96640036
1098,1902131827,0.06457793678242049,3631.35060208
1099,1902131828,0.06457793678242049,3631.35060208
1100,1902131829,0.06457793678242049,3631.35060208
1101,1902131830,0.06729532808676833,3632.73852873
1102,1902131831,0.06729532808676833,3632.73852873
1103,1902131832,0.06294750199981178,3632.73852873
1104,1902131833,0.06294750199981178,3631.08232287
1105,1902131834,0.0656648933041596,3631.08232287
1106,1902131835,0.06624130964144552,3631.08232287
1107,1902131836,0.07136484051662624,3630.77009667
1108,1902131837,0.07017602932781504,3630.77009667
1109,1902131838,0.07090784215784215,3630.77009667
1110,1902131839,0.07571553446553447,3631.79869813
1111,1902131840,0.07571553446553447,3631.79869813
1112,1902131841,0.08258366633366633,3636.95064401
1113,1902131842,0.08640234765234765,3636.95064401
1114,1902131843,0.08846278721278722,3636.95064401
1115,1902131844,0.09021862648221343,3635.8525641
1116,1902131845,0.09193670576735094,3635.8525641
1117,1902131846,0.09865713587487783,3635.8525641
1118,1902131847,0.09865713587487783,3636.04203744
1119,1902131848,0.1057539100684262,3636.04203744
1120,1902131849,0.1057539100684262,3636.04203744
1121,1902131850,0.10777003910068426,3638.46370838
1122,1902131852,0.1136962365591398,3638.46370838
1123,1902131853,0.1136962365591398,3635.68785769
1124,1902131854,0.1136962365591398,3635.68785769
1125,1902131855,0.1136962365591398,3635.68785769
1126,1902131856,0.1171786412512219,3635.64678564
1127,1902131857,0.12049036561264825,3635.64678564
1128,1902131858,0.1323592458677686,3635.64678564
1129,1902131859,0.1323592458677686,3639.42500782
1130,1902131900,0.1323592458677686,3639.42500782
1131,1902131901,0.1323592458677686,3639.42500782
1132,1902131902,0.1323592458677686,3640.63178194
1133,1902131903,0.1323592458677686,3640.63178194
1134,1902131904,0.13505810950413222,3640.63178194
1135,1902131905,0.14293234064785787,3635.4007611999996
1136,1902131906,0.13861634199134196,3635.4007611999996
1137,1902131907,0.14248352837638553,3635.4007611999996
1138,1902131908,0.14509341848627566,3635.4007611999996
1139,1902131909,0.14509341848627566,3634.50929953
1140,1902131910,0.14660440749726464,3634.50929953
1141,1902131911,0.14239195328481044,3633.36895686
1142,1902131912,0.1439740860990861,3633.36895686
1143,1902131913,0.14523671236171234,3633.36895686
1144,1902131914,0.14523671236171234,3633.31040033
1145,1902131915,0.14676826450702854,3633.31040033
1146,1902131917,0.14513750601250602,3633.31040033
1147,1902131918,0.14513750601250602,3633.7171270000003
1148,1902131919,0.14513750601250602,3633.7171270000003
1149,1902131920,0.14513750601250602,3633.14732877
1150,1902131921,0.14513750601250602,3633.14732877
1151,1902131922,0.14476713564213564,3633.14732877
1152,1902131923,0.14376713564213564,3630.48443454
1153,1902131924,0.14376713564213564,3630.48443454
1154,1902131925,0.14376713564213567,3630.48443454
1155,1902131926,0.13959253246753245,3630.48443454
1156,1902131927,0.13959253246753245,3630.77752277
1157,1902131928,0.14116098788851594,3630.77752277
1158,1902131929,0.14396997665256092,3629.88568426
1159,1902131930,0.14423555377207062,3629.88568426
1160,1902131931,0.13917004870129868,3629.88568426
1161,1902131932,0.1184206513183786,3632.25244552
1162,1902131933,0.12236951495474226,3632.25244552
1163,1902131934,0.1287614305170485,3632.25244552
1164,1902131936,0.11995781397721053,3635.05430373
1165,1902131937,0.11248654960939446,3635.05430373
1166,1902131938,0.11461738427292405,3630.03563268
1167,1902131939,0.11643556609110585,3630.03563268
1168,1902131940,0.11333294459372048,3630.03563268
1169,1902131941,0.12454507022333727,3628.18397912
1170,1902131942,0.12454507022333727,3628.18397912
1171,1902131944,0.12454507022333727,3630.39718257
1172,1902131945,0.12454507022333727,3630.39718257
1173,1902131946,0.12435567628394335,3630.39718257
1174,1902131947,0.12337427132526566,3631.17130899
1175,1902131948,0.1237857963665548,3631.17130899
1176,1902131949,0.12769029074857727,3631.95537367
1177,1902131950,0.12630040768890202,3631.95537367
1178,1902131951,0.12357313496162928,3631.95537367
1179,1902131952,0.12683259628302732,3628.76693569
1180,1902131953,0.12683259628302732,3628.76693569
1181,1902131954,0.12710427862367515,3628.76693569
1182,1902131955,0.12710427862367515,3627.13888547
1183,1902131956,0.12710427862367515,3627.13888547
1184,1902131957,0.12732430723346422,3627.13888547
1185,1902131958,0.1229398873185638,3629.19311602
1186,1902131959,0.1229398873185638,3629.19311602
1187,1902132000,0.12151035374509213,3629.19311602
1188,1902132001,0.12178519518272425,3630.27795069
1189,1902132002,0.12461465254706534,3630.27795069
1190,1902132003,0.12461465254706534,3630.27795069
1191,1902132004,0.121374824929972,3630.36404613
1192,1902132005,0.11291660300483833,3630.36404613
1193,1902132006,0.11291660300483833,3630.36404613
1194,1902132007,0.11543761140819965,3629.59711426
1195,1902132009,0.11383567821067822,3629.59711426
1196,1902132010,0.11193091630591633,3631.52587512
1197,1902132011,0.11026743336984303,3631.52587512
1198,1902132012,0.09892707192405988,3631.52587512
1199,1902132013,0.0955385177071924,3631.60783048
1200,1902132014,0.09365484109386547,3631.60783048
1201,1902132015,0.09365484109386547,3631.60783048
1202,1902132016,0.09172465394687616,3631.29748552
1203,1902132017,0.09172465394687616,3631.29748552
1204,1902132018,0.09172465394687616,3631.29748552
1205,1902132019,0.09172465394687616,3630.32843135
1206,1902132020,0.09172465394687616,3630.32843135
1207,1902132021,0.09172465394687616,3630.32843135
1208,1902132022,0.09172465394687616,3632.32337896
1209,1902132023,0.09172465394687616,3632.32337896
1210,1902132024,0.09069584736251404,3632.32337896
1211,1902132025,0.09069584736251404,3632.15011157
1212,1902132026,0.09069584736251404,3632.15011157
1213,1902132027,0.09069584736251404,3632.15011157
1214,1902132028,0.08254769921436589,3632.32064671
1215,1902132030,0.08024691358024694,3632.32064671
1216,1902132031,0.07954545454545456,3632.7959898000004
1217,1902132032,0.07951080931263857,3632.7959898000004
1218,1902132033,0.08156489594742608,3632.7959898000004
1219,1902132034,0.08357007575757577,3631.8590475
1220,1902132035,0.08258689839572195,3631.8590475
1221,1902132036,0.08321220930232559,3631.8590475
1222,1902132037,0.08321220930232559,3632.58272086
1223,1902132038,0.0851293103448276,3632.58272086
1224,1902132039,0.08740868506493506,3632.58272086
1225,1902132040,0.08762968353485595,3628.21144893
1226,1902132041,0.08663389167650531,3628.21144893
1227,1902132042,0.08521343713105077,3628.21144893
1228,1902132043,0.08521343713105077,3627.55510862
1229,1902132044,0.08521343713105077,3627.55510862
1230,1902132045,0.08425598278126369,3627.55510862
1231,1902132046,0.08425598278126369,3629.49810857
1232,1902132047,0.08425598278126369,3629.49810857
1233,1902132048,0.08425598278126369,3629.49810857
1234,1902132049,0.08301818919716647,3630.70298812
1235,1902132050,0.08301818919716647,3630.70298812
1236,1902132051,0.08301818919716647,3630.70298812
1237,1902132052,0.08301818919716647,3629.72380032
1238,1902132053,0.08301818919716647,3629.72380032
1239,1902132054,0.08301818919716647,3629.72380032
1240,1902132055,0.08529091646989374,3629.14733163
1241,1902132056,0.09097273465171196,3629.14733163
1242,1902132058,0.0914436856247201,3631.68894375
1243,1902132059,0.0914436856247201,3631.68894375
1244,1902132100,0.0914436856247201,3631.68894375
1245,1902132101,0.0914436856247201,3628.59373642
1246,1902132102,0.09134419359710058,3628.59373642
1247,1902132103,0.09134419359710058,3628.59373642
1248,1902132104,0.08940620910097655,3624.91633237
1249,1902132105,0.0951706100412997,3624.91633237
1250,1902132106,0.0974099185128597,3624.91633237
1251,1902132107,0.09446874204227143,3621.66586524
1252,1902132108,0.09449496999212907,3621.66586524
1253,1902132109,0.09449496999212907,3621.66586524
1254,1902132110,0.09449496999212907,3621.99168844
1255,1902132111,0.09733587908303816,3621.99168844
1256,1902132112,0.09733587908303816,3621.99168844
1257,1902132113,0.0988378240533413,3619.99845856
1258,1902132114,0.09812663596093828,3619.99845856
1259,1902132115,0.09696384526326386,3619.99845856
1260,1902132116,0.09077094840025876,3622.06155706
1261,1902132117,0.08893186794048863,3622.06155706
1262,1902132119,0.08792127853207399,3621.69569111
1263,1902132120,0.0870927874807185,3621.69569111
1264,1902132121,0.12042612081405185,3621.69569111
1265,1902132122,0.14111577598646566,3623.74311361
1266,1902132123,0.13954837786734334,3623.74311361
1267,1902132124,0.1393197989749714,3623.74311361
1268,1902132125,0.13721886640491293,3628.20432042
1269,1902132126,0.13699497071555894,3628.20432042
1270,1902132127,0.13699497071555894,3628.20432042
1271,1902132128,0.13699497071555894,3629.00651711
1272,1902132129,0.13540200593979665,3629.00651711
1273,1902132130,0.13540200593979665,3629.00651711
1274,1902140809,0.0919354013104013,3638.20509828
1275,1902140810,0.0919354013104013,3638.20509828
1276,1902140812,0.0919354013104013,3639.36570397
1277,1902140813,0.0919354013104013,3639.36570397
1278,1902140814,0.0919354013104013,3639.36570397
1279,1902140815,0.0919354013104013,3636.52939753
1280,1902140816,0.0919354013104013,3636.52939753
1281,1902140817,0.08940161752661753,3635.55698569
1282,1902140818,0.08940161752661753,3635.55698569
1283,1902140819,0.08940161752661753,3635.55698569
1284,1902140820,0.08940161752661753,3635.1526327
1285,1902140821,0.08940161752661753,3635.1526327
1286,1902140822,0.08940161752661753,3635.1526327
1287,1902140823,0.09062629721876296,3634.71162716
1288,1902140824,0.09062629721876296,3634.71162716
1289,1902140825,0.09062629721876296,3634.71162716
1290,1902140827,0.09062629721876296,3633.68969113
1291,1902140828,0.0941879410543794,3633.68969113
1292,1902140829,0.09122594185094184,3635.89168686
1293,1902140830,0.09460432022932022,3635.89168686
1294,1902140831,0.09460432022932022,3635.89168686
1295,1902140832,0.09334292929292932,3633.80520684
1296,1902140833,0.09334292929292932,3633.80520684
1297,1902140834,0.09334292929292932,3633.80520684
1298,1902140835,0.07895683811802233,3633.72192556
1299,1902140836,0.07895683811802233,3633.72192556
1300,1902140837,0.07793142463597008,3633.72192556
1301,1902140839,0.07714597902097903,3632.9579412
1302,1902140840,0.0753783084004603,3632.9579412
1303,1902140841,0.0753783084004603,3632.53744865
1304,1902140842,0.0753783084004603,3632.53744865
1305,1902140843,0.0753783084004603,3632.53744865
1306,1902140844,0.0753783084004603,3631.49832073
1307,1902140845,0.0753783084004603,3631.49832073
1308,1902140846,0.0753783084004603,3628.92902003
1309,1902140848,0.07443607954545453,3628.92902003
1310,1902140849,0.07443607954545453,3628.80102783
1311,1902140850,0.07443607954545453,3628.80102783
1312,1902140851,0.07351711560044892,3628.80102783
1313,1902140852,0.07351711560044892,3632.23957498
1314,1902140853,0.07351711560044892,3632.23957498
1315,1902140854,0.07351711560044892,3632.23957498
1316,1902140855,0.07351711560044892,3634.42789831
1317,1902140856,0.07351711560044892,3634.42789831
1318,1902140857,0.07351711560044892,3634.42789831
1319,1902140859,0.07351711560044892,3634.22200425
1320,1902140900,0.07351711560044892,3634.22200425
1321,1902140903,0.07351711560044892,3631.80747445
1322,1902140904,0.07351711560044892,3631.80747445
1323,1902140905,0.07566934589800442,3630.36231253
1324,1902140906,0.07566934589800442,3630.36231253
1325,1902140907,0.07566934589800442,3630.36231253
1326,1902140908,0.07756107954545455,3627.44590361
1327,1902140910,0.07322951739618408,3627.44590361
1328,1902140911,0.07322951739618408,3626.32630907
1329,1902140912,0.07322951739618408,3626.32630907
1330,1902140913,0.07322951739618408,3626.32630907
1331,1902140914,0.07322951739618408,3627.55014249
1332,1902140915,0.05934062850729518,3627.55014249
1333,1902140916,0.05934062850729518,3627.55014249
1334,1902140917,0.06166574279379159,3631.5154409
1335,1902140919,0.06166574279379159,3631.5154409
1336,1902140920,0.06166574279379159,3629.84553643
1337,1902140921,0.06166574279379159,3629.84553643
1338,1902140922,0.06166574279379159,3629.84553643
1339,1902140923,0.06166574279379159,3633.30867207
1340,1902140924,0.06166574279379159,3633.30867207
1341,1902140925,0.06166574279379159,3633.30867207
1342,1902140926,0.06166574279379159,3631.09945967
1343,1902140927,0.06166574279379159,3631.09945967
1344,1902140928,0.06166574279379158,3631.09945967
1345,1902140929,0.06300720620842573,3635.67451363
1346,1902140930,0.06378507295173963,3635.67451363
1347,1902140931,0.06378507295173963,3635.67451363
1348,1902140933,0.06378507295173963,3635.10859692
1349,1902140934,0.06378507295173963,3635.10859692
1350,1902140935,0.06378507295173963,3629.57662856
1351,1902140936,0.06195426487093154,3629.57662856
1352,1902140937,0.06195426487093154,3629.57662856
1353,1902140938,0.06195426487093154,3629.98174315
1354,1902140939,0.05731202651515153,3629.98174315
1355,1902140940,0.05731202651515153,3629.98174315
1356,1902140942,0.05731202651515153,3628.25647755
1357,1902140943,0.05731202651515153,3628.25647755
1358,1902140944,0.05731202651515153,3629.87001762
1359,1902140945,0.05731202651515153,3629.87001762
1360,1902140947,0.05731202651515153,3632.11058595
1361,1902140948,0.0509304464397057,3632.11058595
1362,1902140950,0.0509304464397057,3632.38032647
1363,1902140951,0.04906707702020202,3632.38032647
1364,1902140952,0.04906707702020202,3632.38032647
1365,1902140953,0.04906707702020202,3629.31732835
1366,1902140954,0.04906707702020202,3629.31732835
1367,1902140955,0.04906707702020202,3629.31732835
1368,1902140956,0.04906707702020202,3626.37441604
1369,1902140957,0.04906707702020202,3626.37441604
1370,1902140958,0.04906707702020202,3626.37441604
1371,1902140959,0.053680172258297264,3633.09368272
1372,1902141000,0.053680172258297264,3633.09368272
1373,1902141001,0.053680172258297264,3633.09368272
1374,1902141002,0.056103873835355325,3633.09368272
1375,1902141003,0.053680172258297264,3634.17013846
1376,1902141004,0.053680172258297264,3634.17013846
1377,1902141005,0.053680172258297264,3636.23882226
1378,1902141006,0.056103873835355325,3636.23882226
1379,1902141007,0.056103873835355325,3636.23882226
1380,1902141008,0.056103873835355325,3636.23882226
1381,1902141009,0.056103873835355325,3637.44119332
1382,1902141010,0.056103873835355325,3637.44119332
1383,1902141011,0.05805517225829726,3634.31829308
1384,1902141012,0.05805517225829726,3634.31829308
1385,1902141013,0.05805517225829726,3634.31829308
1386,1902141014,0.05805517225829726,3634.36841591
1387,1902141015,0.06005587064131369,3634.36841591
1388,1902141016,0.06005587064131369,3634.36841591
1389,1902141956,0.06074544932978668,3614.48532391
1390,1902141957,0.06074544932978668,3614.48532391
1391,1902141958,0.06074544932978668,3614.48532391
1392,1902141959,0.06255267824544933,3615.56576928
1393,1902142000,0.06255267824544933,3615.56576928
1394,1902142001,0.06255267824544933,3615.56576928
1395,1902142002,0.06255267824544933,3611.52892864
1396,1902142003,0.06255267824544933,3611.52892864
1397,1902142004,0.06255267824544933,3611.52892864
1398,1902142005,0.059134331116038434,3611.52892864
1399,1902142006,0.053036770140428686,3610.91159066
1400,1902142007,0.053036770140428686,3610.91159066
1401,1902142008,0.05486603843311162,3610.40672302
1402,1902142010,0.05486603843311162,3610.40672302
1403,1902142011,0.05486603843311162,3611.22060169
1404,1902142012,0.05486603843311162,3611.22060169
1405,1902142013,0.0548660384331116,3611.22060169
1406,1902142014,0.0548660384331116,3611.22060169
1407,1902142015,0.0548660384331116,3610.01732236
1408,1902142016,0.05400018705574261,3610.01732236
1409,1902142017,0.053341648189209175,3610.08364465
1410,1902142018,0.05044530672579453,3610.08364465
1411,1902142019,0.05044530672579453,3610.08364465
1412,1902142020,0.05044530672579453,3615.66803532
1413,1902142021,0.049837531945965685,3615.66803532
1414,1902142022,0.049837531945965685,3615.66803532
1415,1902142023,0.054303751803751805,3615.7435501
1416,1902142024,0.05866488413547238,3615.7435501
1417,1902142025,0.05866488413547238,3615.7435501
1418,1902142026,0.05866488413547238,3616.02608439
1419,1902142027,0.05866488413547238,3616.02608439
1420,1902142028,0.05866488413547238,3616.02608439
1421,1902142029,0.0616060606060606,3616.02608439
1422,1902142030,0.06394117647058824,3613.12102536
1423,1902142031,0.061294117647058825,3613.12102536
1424,1902142032,0.061294117647058825,3612.82239485
1425,1902142033,0.05767441860465116,3612.82239485
1426,1902142035,0.05729885057471264,3614.92666633
1427,1902142036,0.05672413793103447,3614.92666633
1428,1902142037,0.057873563218390815,3616.4015708000006
1429,1902142038,0.06394117647058824,3616.4015708000006
1430,1902142039,0.06589285714285713,3614.21194455
1431,1902142040,0.06589285714285713,3617.54312077
1432,1902142041,0.06470238095238094,3614.21194455
1433,1902142042,0.06470238095238094,3620.9241435999998
1434,1902142043,0.06470238095238094,3620.9241435999998
1435,1902142044,0.06470238095238094,3619.75505437
1436,1902142045,0.06470238095238094,3619.75505437
1437,1902142046,0.06688235294117646,3619.75505437
1438,1902142047,0.06688235294117646,3616.8844454000005
1439,1902142048,0.07276470588235293,3616.8844454000005
1440,1902142049,0.07276470588235293,3615.92288288
1441,1902142050,0.07276470588235293,3615.92288288
1442,1902142051,0.07080392156862743,3615.92288288
1443,1902142052,0.0804457364341085,3615.47241879
1444,1902142053,0.0804457364341085,3615.47241879
1445,1902142054,0.08335294117647057,3618.56680879
1446,1902142055,0.08238372093023255,3618.56680879
1447,1902151202,0.33187095825984714,3634.98119657
1448,1902151203,0.33187095825984714,3634.75747094
1449,1902151204,0.3246487360376249,3634.75747094
1450,1902151205,0.3246407527657528,3635.97657312
1451,1902151206,0.3282964746447892,3635.97657312
1452,1902151207,0.3282964746447892,3635.97657312
1453,1902151208,0.3282964746447892,3634.98238699
1454,1902151209,0.3226784971166993,3634.98238699
1455,1902151210,0.3189589345839346,3634.98238699
1456,1902151211,0.3189589345839346,3636.80135789
1457,1902151213,0.3189589345839346,3636.50201822
1458,1902151214,0.3189589345839346,3636.50201822
1459,1902151215,0.3100191064079953,3636.50201822
1460,1902151216,0.3100191064079953,3638.33184658
1461,1902151217,0.3104903198653199,3638.33184658
1462,1902151218,0.3104903198653199,3633.38171722
1463,1902151219,0.3065879097488292,3633.38171722
1464,1902151220,0.3065879097488292,3633.38171722
1465,1902151221,0.3065879097488292,3635.88693723
1466,1902151222,0.3065879097488292,3635.88693723
1467,1902151223,0.3065879097488292,3638.4904395000003
1468,1902151224,0.3065879097488292,3638.4904395000003
1469,1902151225,0.3065879097488292,3638.4904395000003
1470,1902151226,0.3065879097488292,3635.60696978
1471,1902151227,0.3065879097488292,3635.60696978
1472,1902151228,0.2991166453810132,3632.74929356
1473,1902151229,0.30199020859940395,3632.74929356
1474,1902151230,0.30199020859940395,3632.74929356
1475,1902151231,0.3025357744107744,3631.91904263
1476,1902151232,0.2940130471380471,3631.91904263
1477,1902151233,0.291645381013197,3631.91904263
1478,1902151234,0.291645381013197,3633.20075896
1479,1902151235,0.28457149009474586,3633.20075896
1480,1902151236,0.2879193899782135,3633.91763403
1481,1902151237,0.2879193899782135,3633.91763403
1482,1902151239,0.2879193899782135,3632.07540225
1483,1902151240,0.2845714900947458,3632.07540225
1484,1902151241,0.28747846683893186,3631.16089824
1485,1902151242,0.28747846683893186,3631.16089824
1486,1902151243,0.28014796357819605,3631.16089824
1487,1902151244,0.28014796357819605,3629.31099169
1488,1902151245,0.28014796357819605,3629.31099169
1489,1902151246,0.28014796357819605,3629.31099169
1490,1902151247,0.28014796357819605,3627.90623942
1491,1902151248,0.28014796357819605,3627.90623942
1492,1902151249,0.28014796357819605,3629.49852107
1493,1902151250,0.2754910904336191,3629.49852107
1494,1902151251,0.27703334563799675,3629.49852107
1495,1902151252,0.27703334563799675,3629.45085198
1496,1902151253,0.27703334563799675,3629.45085198
1497,1902151254,0.27703334563799675,3627.57285979
1498,1902151255,0.27703334563799675,3627.57285979
1499,1902151256,0.27703334563799675,3627.57285979
1500,1902151257,0.27703334563799675,3627.41548826
1501,1902151258,0.27703334563799675,3627.41548826
1502,1902151259,0.27703334563799675,3627.91319516
1503,1902151300,0.27703334563799675,3627.91319516
1504,1902151301,0.27703334563799675,3627.91319516
1505,1902151302,0.27703334563799675,3630.43506812
1506,1902151304,0.27703334563799675,3630.43506812
1507,1902151305,0.27703334563799675,3631.81447391
1508,1902151306,0.2681531872008062,3631.81447391
1509,1902151307,0.26535985210684004,3627.63650968
1510,1902151308,0.26535985210684004,3627.63650968
1511,1902151309,0.26535985210684004,3627.63650968
1512,1902151310,0.26535985210684004,3625.86050239
1513,1902151311,0.2595365589341493,3625.86050239
1514,1902151312,0.2595365589341493,3625.10386373
1515,1902151313,0.2595365589341493,3625.10386373
1516,1902151314,0.2627016389211511,3625.10386373
1517,1902151315,0.2675796877016389,3630.99348504
1518,1902151316,0.27218716134378784,3630.99348504
1519,1902151317,0.27218716134378784,3630.99348504
1520,1902151318,0.2748967608723706,3631.13586717
1521,1902151319,0.2748967608723706,3631.13586717
1522,1902151320,0.2748967608723706,3627.51261368
1523,1902151321,0.2748967608723706,3627.51261368
1524,1902151322,0.27359278383374763,3627.51261368
1525,1902151323,0.2712729536258948,3629.76098084
1526,1902151324,0.2712729536258948,3629.76098084
1527,1902151325,0.26362589480236537,3629.76098084
1528,1902151326,0.26362589480236537,3632.29865659
1529,1902151327,0.26362589480236537,3632.29865659
1530,1902151328,0.26362589480236537,3632.90052063
1531,1902151329,0.2595082477435418,3632.90052063
1532,1902151330,0.26259763164525063,3632.90052063
1533,1902151331,0.2590262030738221,3632.72408088
1534,1902151332,0.23856668023334685,3632.72408088
1535,1902151334,0.23856668023334685,3629.26736695
1536,1902151335,0.2219000135666802,3629.26736695
1537,1902151336,0.212629698343984,3631.62712975
1538,1902151337,0.21243888554015133,3631.62712975
1539,1902151338,0.20421103743888552,3631.20838462
1540,1902151339,0.20737559440091086,3631.20838462
1541,1902151340,0.20737559440091086,3631.20838462
1542,1902151341,0.2168745275888133,3631.46485707
1543,1902151342,0.21711065509766808,3631.46485707
1544,1902151343,0.21996737424369006,3631.46485707
1545,1902151344,0.2147042163489532,3631.4008975
1546,1902151345,0.2147042163489532,3631.4008975
1547,1902151346,0.2175669392336059,3631.63479898
1548,1902151347,0.2175669392336059,3631.63479898
1549,1902151348,0.2175669392336059,3631.63479898
1550,1902151349,0.2175669392336059,3632.67576516
1551,1902151350,0.2112558281224948,3632.67576516
1552,1902151351,0.2112558281224948,3631.56582671
1553,1902151352,0.2112558281224948,3631.56582671
1554,1902151353,0.2112558281224948,3631.56582671
1555,1902151354,0.2112558281224948,3632.93104137
1556,1902151355,0.2112558281224948,3632.93104137
1557,1902151356,0.2084761461735146,3632.93104137
1558,1902151357,0.2084761461735146,3634.59007022
1559,1902151358,0.217028777752462,3634.59007022
1560,1902151359,0.217028777752462,3634.59007022
1561,1902151400,0.2255814093314093,3634.73696217
1562,1902151402,0.21992249478916145,3632.94158531
1563,1902151403,0.21702013955260707,3632.94158531
1564,1902151404,0.21702013955260707,3632.94158531
1565,1902151405,0.21702013955260707,3632.21819869
1566,1902151406,0.21507208760455515,3632.21819869
1567,1902151407,0.21507208760455515,3632.21819869
1568,1902151408,0.21294694002486209,3631.72759299
1569,1902151409,0.2156525677304898,3631.72759299
1570,1902151410,0.20993746993746995,3630.52665551
1571,1902151411,0.20993746993746995,3630.52665551
1572,1902151412,0.20993746993746995,3630.52665551
1573,1902151413,0.21273663620330288,3631.31669119
1574,1902151414,0.21370451578243785,3631.31669119
1575,1902151415,0.20796378572694366,3631.31669119
1576,1902151416,0.2052629573408794,3630.75061928
1577,1902151417,0.2052629573408794,3630.75061928
1578,1902151418,0.2052629573408794,3631.98180761
1579,1902151419,0.2052629573408794,3631.98180761
1580,1902151420,0.20189687241770576,3631.98180761
1581,1902151421,0.20189687241770576,3631.98180761
1582,1902151422,0.20189687241770576,3631.25428385
1583,1902151423,0.20189687241770576,3631.25428385
1584,1902151424,0.21023020575103912,3631.3726181
1585,1902151425,0.21023020575103912,3631.3726181
1586,1902151427,0.21023020575103912,3630.2882967
1587,1902151428,0.21023020575103912,3630.2882967
1588,1902151429,0.21023020575103912,3630.2882967
1589,1902151430,0.21343533395616726,3633.49331375
1590,1902151431,0.20510200062283396,3633.49331375
1591,1902151432,0.21516400061494995,3633.49331375
1592,1902151433,0.22339184871621576,3631.52822011
1593,1902151434,0.2217040850031356,3631.52822011
1594,1902151435,0.2217040850031356,3629.74781279
1595,1902151436,0.2217040850031356,3629.74781279
1596,1902151437,0.2217040850031356,3629.74781279
1597,1902151438,0.2217040850031356,3629.44342014
1598,1902151439,0.2217040850031356,3629.44342014
1599,1902151440,0.2189327839405964,3629.44342014
1600,1902151441,0.2189327839405964,3629.46545687
1601,1902151442,0.2189327839405964,3629.46545687
1602,1902151443,0.2189327839405964,3629.46545687
1603,1902151444,0.2189327839405964,3628.74266659
1604,1902151445,0.21853952804111032,3628.74266659
1605,1902151446,0.21853952804111032,3628.74266659
1606,1902151447,0.21853952804111032,3627.66626216
1607,1902151448,0.21853952804111032,3627.66626216
1608,1902151449,0.21853952804111032,3627.66626216
1609,1902151450,0.21853952804111032,3627.66626216
1610,1902151451,0.20904585715503432,3630.37919311
1611,1902151453,0.20904585715503432,3631.54750492
1612,1902151454,0.20904585715503432,3631.54750492
1613,1902151455,0.20904585715503432,3631.54750492
1614,1902151456,0.20904585715503432,3631.54750492
1615,1902151457,0.20904585715503432,3630.52754608
1616,1902151458,0.20904585715503432,3630.52754608
1617,1902151459,0.20904585715503432,3630.52754608
1618,1902151500,0.21455778394059646,3628.17733479
1619,1902151501,0.23721756438577424,3628.17733479
1620,1902151502,0.23721756438577424,3626.79754351
1621,1902151503,0.24225149652741115,3626.79754351
1622,1902151504,0.24225149652741115,3626.79754351
1623,1902151505,0.2343246672591185,3630.09857107
1624,1902151506,0.2315014784969604,3630.09857107
1625,1902151507,0.2315014784969604,3630.09857107
1626,1902151508,0.22334905750302086,3630.09857107
1627,1902151509,0.22334905750302086,3631.93648779
1628,1902151510,0.22311031702037804,3631.93648779
1629,1902151511,0.22311031702037804,3633.07403239
1630,1902151512,0.2294256480308309,3633.07403239
1631,1902151513,0.23449280889792934,3633.07403239
1632,1902151514,0.23449280889792934,3629.9224755000005
1633,1902151516,0.2373524772991236,3629.53425285
1634,1902151517,0.2373524772991236,3629.53425285
1635,1902151518,0.250155459500339,3629.53425285
1636,1902151519,0.2561059897443825,3626.2993531999996
1637,1902151520,0.2561059897443825,3626.2993531999996
1638,1902151521,0.24966160555131145,3626.2993531999996
1639,1902151522,0.2543167031611799,3625.72564894
1640,1902151523,0.2543167031611799,3625.72564894
1641,1902151524,0.25886478703289045,3625.72564894
1642,1902151525,0.25886478703289045,3624.41366274
1643,1902151526,0.2508188100213962,3624.41366274
1644,1902151527,0.2553549599075167,3624.41366274
1645,1902151528,0.2553549599075167,3624.52878068
1646,1902151529,0.2602359607984608,3624.52878068
1647,1902151530,0.25876405081660764,3627.94144741
1648,1902151531,0.2559231417256985,3627.94144741
1649,1902151532,0.26035097159394915,3627.94144741
1650,1902151533,0.26035097159394915,3628.29706046
1651,1902151534,0.26035097159394915,3628.29706046
1652,1902151535,0.257458183020683,3628.29706046
1653,1902151537,0.2546289722182579,3627.81607234
1654,1902151538,0.2631315749662524,3628.17059701
1655,1902151539,0.2840993169017363,3628.17059701
1656,1902151540,0.2840993169017363,3628.17059701
1657,1902151541,0.2840993169017363,3625.94223897
1658,1902151542,0.2835616824931341,3625.94223897
1659,1902151543,0.29055092980496205,3627.20325762
1660,1902151544,0.29055092980496205,3627.20325762
1661,1902151545,0.29055092980496205,3627.20325762
1662,1902151546,0.29055092980496205,3626.99919957
1663,1902151547,0.29055092980496205,3626.99919957
1664,1902151548,0.29361497766417977,3626.99919957
1665,1902151549,0.29361497766417977,3627.31363854
1666,1902151550,0.29446798049620626,3627.31363854
1667,1902151551,0.2982502360228424,3627.89539335
1668,1902151552,0.29771832112922536,3627.89539335
1669,1902151553,0.2998459807036935,3627.89539335
1670,1902151555,0.2998459807036935,3630.90881137
1671,1902151556,0.2998459807036935,3631.96425698
1672,1902151557,0.2998459807036935,3631.96425698
1673,1902151558,0.2998459807036935,3631.96425698
1674,1902151559,0.30676087432071475,3633.45388116
1675,1902151600,0.30676087432071475,3633.45388116
1676,1902151601,0.30676087432071475,3634.55442339
1677,1902151602,0.30676087432071475,3634.55442339
1678,1902151603,0.30676087432071475,3634.55442339
1679,1902151604,0.30676087432071475,3634.13993806
1680,1902151605,0.31005937834566866,3634.13993806
1681,1902151606,0.31005937834566866,3634.13993806
1682,1902151607,0.3078247041079488,3635.14455089
1683,1902151608,0.3078247041079488,3635.14455089
1684,1902151609,0.3078247041079488,3633.3192882
1685,1902151610,0.3078247041079488,3633.3192882
1686,1902151611,0.3120800232568849,3633.3192882
1687,1902151612,0.3120800232568849,3632.66139535
1688,1902151613,0.3120800232568849,3632.66139535
1689,1902151614,0.30516512963986364,3632.17655452
1690,1902151615,0.3055627996555416,3632.17655452
1691,1902151616,0.3049717060421847,3632.17655452
1692,1902151617,0.308603582820688,3631.38413188
1693,1902151618,0.308603582820688,3631.38413188
1694,1902151619,0.308603582820688,3631.38413188
1695,1902151620,0.31632646216630594,3631.38413188
1696,1902151622,0.31976639554603475,3632.76709247
1697,1902151623,0.32464612063194537,3632.65878581
1698,1902151624,0.3246461206319454,3632.65878581
1699,1902151625,0.3246461206319454,3632.65878581
1700,1902151626,0.3246461206319454,3634.20995263
1701,1902151627,0.32464612063194537,3634.20995263
1702,1902151628,0.32464612063194537,3634.20995263
1703,1902151629,0.32464612063194537,3632.35982024
1704,1902151630,0.3316939181952068,3632.35982024
1705,1902151631,0.3316939181952068,3632.35982024
1706,1902151632,0.31983824809211403,3636.27178051
1707,1902151633,0.3188619906725577,3636.27178051
1708,1902151634,0.31662870505345003,3636.27178051
1709,1902151635,0.3198929185076093,3637.50948793
1710,1902151636,0.31473827933235154,3637.50948793
1711,1902151637,0.31473827933235154,3637.50948793
1712,1902151638,0.31473827933235154,3636.70331984
1713,1902151640,0.3295510912698413,3636.70331984
1714,1902151641,0.3198621553884711,3637.7610354000003
1715,1902151642,0.3256516290726817,3637.7610354000003
1716,1902151644,0.3222011144883485,3640.07549174
1717,1902151645,0.3081878306878307,3640.07549174
1718,1902151646,0.3116506153023007,3640.07549174
1719,1902151647,0.3137433862433862,3638.61600719
1720,1902151648,0.3099652220438737,3638.61600719
1721,1902151649,0.3172685928303905,3638.61600719
1722,1902151650,0.3208739177489177,3636.20740252
1723,1902151651,0.32457196361690743,3636.20740252
1724,1902151652,0.32457196361690743,3636.20740252
1725,1902151653,0.32457196361690743,3635.41932916
1726,1902151654,0.32457196361690743,3635.41932916
1727,1902151655,0.32344836811128946,3635.41932916
1728,1902151656,0.32344836811128946,3632.44037057
1729,1902151657,0.32344836811128946,3632.44037057
1730,1902151658,0.32344836811128946,3632.44037057
1731,1902151659,0.32344836811128946,3633.17743304
1732,1902151700,0.3306253270538985,3633.17743304
1733,1902151701,0.3306253270538985,3634.17221982
1734,1902151702,0.3306253270538985,3634.17221982
1735,1902151703,0.3270767195767196,3634.17221982
1736,1902151704,0.3270767195767196,3634.50945095
1737,1902151705,0.3296281433921883,3634.50945095
1738,1902151706,0.3267255216693419,3634.50945095
1739,1902151707,0.3242910647405029,3632.45906422
1740,1902151708,0.33159443552701984,3632.45906422
1741,1902151710,0.323430735930736,3630.16075506
1742,1902151711,0.3319534632034632,3630.16075506
1743,1902151712,0.3282977558839628,3630.16075506
1744,1902151713,0.332895457033388,3630.42343205
1745,1902151714,0.332895457033388,3630.42343205
1746,1902151715,0.3431616832779623,3630.42343205
1747,1902151716,0.3431616832779623,3630.42343205
1748,1902151717,0.3431616832779623,3628.87387734
1749,1902151718,0.3466885604816639,3628.87387734
1750,1902151719,0.3516848681621409,3628.74845867
1751,1902151720,0.3516848681621409,3628.74845867
1752,1902151721,0.3557272229686021,3628.74845867
1753,1902151722,0.3557272229686021,3628.74845867
1754,1902151723,0.3557272229686021,3629.34596216
1755,1902151724,0.35295557616986184,3629.34596216
1756,1902151725,0.35645021645021635,3629.59072211
1757,1902151726,0.35295557616986184,3629.59072211
1758,1902151727,0.35295557616986184,3629.59072211
1759,1902151729,0.35295557616986184,3630.1586649000005
1760,1902151730,0.35652700474129045,3630.1586649000005
1761,1902151731,0.3256188256188256,3629.24425329
1762,1902151732,0.3133935508935509,3629.24425329
1763,1902151733,0.3178357650579873,3629.24425329
1764,1902151734,0.3178357650579873,3629.24425329
1765,1902151735,0.3218865484109386,3634.12653643
1766,1902151736,0.3267645971914264,3634.12653643
1767,1902151737,0.3227740366629255,3631.75906555
1768,1902151738,0.3295641601197157,3631.75906555
1769,1902151739,0.3295641601197157,3631.75906555
1770,1902151740,0.3255587121212121,3631.75906555
1771,1902151741,0.3298295454545454,3631.88092674
1772,1902151742,0.3257575757575757,3631.88092674
1773,1902151743,0.3257575757575757,3632.61756986
1774,1902151744,0.3276094276094276,3632.61756986
1775,1902151745,0.3276094276094276,3632.61756986
1776,1902151746,0.3276094276094276,3634.62799618
1777,1902151747,0.3276094276094276,3634.62799618
1778,1902151748,0.3276094276094276,3634.62799618
1779,1902151749,0.3276094276094276,3634.62799618
1780,1902151750,0.3276094276094276,3634.10870874
1781,1902151751,0.3276094276094276,3634.10870874
1782,1902151753,0.3195847362514029,3634.3962567000003
1783,1902151754,0.3195847362514029,3634.3962567000003
1784,1902151755,0.3195847362514029,3631.91143055
1785,1902151756,0.3195847362514029,3631.91143055
1786,1902151757,0.3195847362514029,3631.91143055
1787,1902151758,0.3115600448933782,3631.91143055
1788,1902151759,0.30732954545454544,3636.6003501
1789,1902151800,0.30732954545454544,3636.6003501
1790,1902151801,0.30732954545454544,3633.89591853
1791,1902151802,0.29920454545454545,3633.89591853
1792,1902151803,0.29859708193041523,3633.89591853
1793,1902151804,0.3048337028824833,3633.89591853
1794,1902151805,0.31662177328843993,3633.19170742
1795,1902151806,0.31662177328843993,3633.19170742
1796,1902151807,0.32284775465498355,3637.16952303
1797,1902151808,0.33067907995618834,3637.16952303
1798,1902151809,0.32998917748917744,3637.16952303
1799,1902151810,0.31451298701298697,3637.36535665
1800,1902151811,0.31845989304812833,3637.36535665
1801,1902151812,0.3337540106951871,3633.94027915
1802,1902151813,0.3337540106951871,3633.94027915
1803,1902151837,0.32032220943613343,3637.25334642
1804,1902151838,0.33256818181818176,3637.25334642
1805,1902201720,0.032325757575757584,3983.17379172
1806,1902201721,0.032325757575757584,3984.08134153
1807,1902201722,0.032325757575757584,3984.08134153
1808,1902201723,0.032325757575757584,3984.08134153
1809,1902201724,0.03686494575383464,3982.19388111
1810,1902201725,0.03686494575383464,3982.19388111
1811,1902201726,0.03686494575383464,3982.19388111
1812,1902201727,0.033562476618032175,3981.3508064000002
1813,1902201728,0.03315317812269032,3981.3508064000002
1814,1902201729,0.0362019586104952,3981.3508064000002
1815,1902211401,0.03297387136672851,3981.45267954
1816,1902211402,0.03297387136672851,3981.45267954
1817,1902211725,0.07661968713105076,3950.71235202
1818,1902211726,0.07519923258559623,3950.71235202
1819,1902211727,0.07519923258559623,3950.71235202
1820,1902211728,0.07519923258559623,3945.77478358
1821,1902211729,0.0780401416765053,3945.77478358
1822,1902211730,0.07997227491609514,3945.77478358
1823,1902211731,0.08165766817452211,3948.27222533
1824,1902211732,0.07884867941047717,3948.27222533
1825,1902211733,0.07884867941047717,3948.27222533
1826,1902211734,0.07884867941047717,3951.61754521
1827,1902211735,0.07884867941047716,3951.61754521
1828,1902211736,0.07884867941047716,3952.01211958
1829,1902211737,0.07884867941047716,3952.01211958
1830,1902211738,0.07884867941047716,3952.01211958
1831,1902211739,0.0913614475412228,3950.34004766
1832,1902211740,0.08405807675470596,3950.34004766
1833,1902211742,0.07872099810302056,3950.28162775
1834,1902211743,0.07872099810302056,3950.28162775
1835,1902211744,0.07872099810302056,3949.41343294
1836,1902211745,0.07872099810302056,3949.41343294
1837,1902211919,0.1084815416065416,3960.15352266
1838,1902211920,0.1084815416065416,3960.15352266
1839,1902212052,0.12484202625331654,3953.07300178
1840,1902212053,0.12484202625331654,3953.07300178
1841,1902212054,0.12054095098449935,3953.36388498
1842,1902212055,0.12185117871259173,3953.36388498
1843,1902212056,0.12054095098449935,3953.36388498
1844,1902212057,0.12703584093211753,3951.80660183
1845,1902212058,0.12302547363031235,3951.80660183
1846,1902212059,0.1264652014652015,3951.80660183
1847,1902212100,0.12780797101449276,3949.81824966
1848,1902212101,0.12780797101449276,3949.81824966
1849,1902212102,0.12780797101449276,3949.81824966
1850,1902212103,0.1259963768115942,3950.43883661
1851,1902212104,0.12738095238095234,3950.43883661
1852,1902212105,0.12601851851851853,3950.43883661
1853,1902212108,0.12324074074074072,3950.52523678
1854,1902212109,0.1190074906367041,3950.52523678
1855,1902212110,0.1190074906367041,3948.31476586
1856,1902212111,0.1190074906367041,3948.31476586
1857,1902212112,0.11768518518518516,3948.31476586
1858,1902212113,0.11768518518518516,3948.77704776
1859,1902212114,0.11768518518518516,3948.77704776
1860,1902212115,0.11768518518518516,3948.77704776
